player_name,team,game_id,game_date,game_time,home,away,line_col,line_value,prop,source,pitching_stats_gcar,pitching_stats_win,pitching_stats_loss,pitching_stats_save,pitching_stats_hold,pitching_stats_blown_save,pitching_stats_dr,pitching_stats_ip,pitching_stats_h,pitching_stats_r,pitching_stats_er,pitching_stats_bb,pitching_stats_so,pitching_stats_hr,pitching_stats_hbp,pitching_stats_era,pitching_stats_fip,pitching_stats_bf,pitching_stats_pit,pitching_stats_str,pitching_stats_stl,pitching_stats_sts,pitching_stats_gb,pitching_stats_fb,pitching_stats_ld,pitching_stats_pu,pitching_stats_unk,pitching_stats_gsc,pitching_stats_ir,pitching_stats_is,pitching_stats_sb,pitching_stats_cs,pitching_stats_pickoffs,pitching_stats_ab,pitching_stats_2b,pitching_stats_3b,pitching_stats_ibb,pitching_stats_gdp,pitching_stats_sf,pitching_stats_roe,pitching_stats_ali,pitching_stats_wpa,pitching_stats_acli,pitching_stats_cwpa,pitching_stats_re24,gtm,entered,innings,home_team,away_team,home_stats.batting_stats.gtm,home_stats.batting_stats.pa,home_stats.batting_stats.ab,home_stats.batting_stats.r,home_stats.batting_stats.h,home_stats.batting_stats.2b,home_stats.batting_stats.3b,home_stats.batting_stats.hr,home_stats.batting_stats.rbi,home_stats.batting_stats.bb,home_stats.batting_stats.ibb,home_stats.batting_stats.so,home_stats.batting_stats.hbp,home_stats.batting_stats.sh,home_stats.batting_stats.sf,home_stats.batting_stats.roe,home_stats.batting_stats.gidp,home_stats.batting_stats.sb,home_stats.batting_stats.cs,home_stats.batting_stats.avg,home_stats.batting_stats.obp,home_stats.batting_stats.slug,home_stats.batting_stats.ops,home_stats.batting_stats.lob,home_stats.batting_stats.bat_num,home_stats.batting_stats.opp_thr,home_stats.batting_stats.opp_st,home_stats.batting_stats.opp_st_sc,home_stats.pitching_stats.gtm,home_stats.pitching_stats.ip,home_stats.pitching_stats.h,home_stats.pitching_stats.r,home_stats.pitching_stats.er,home_stats.pitching_stats.uer,home_stats.pitching_stats.bb,home_stats.pitching_stats.so,home_stats.pitching_stats.hr,home_stats.pitching_stats.hbp,home_stats.pitching_stats.era,home_stats.pitching_stats.bf,home_stats.pitching_stats.p,home_stats.pitching_stats.s,home_stats.pitching_stats.ir,home_stats.pitching_stats.is,home_stats.pitching_stats.sb,home_stats.pitching_stats.cs,home_stats.pitching_stats.ab,home_stats.pitching_stats.2b,home_stats.pitching_stats.3b,home_stats.pitching_stats.ibb,home_stats.pitching_stats.sh,home_stats.pitching_stats.sf,home_stats.pitching_stats.roe,home_stats.pitching_stats.gidp,home_stats.pitching_stats.pitch_num,home_stats.pitching_stats.ump,home_stats.pitching_stats.pitchers,away_stats.batting_stats.gtm,away_stats.batting_stats.pa,away_stats.batting_stats.ab,away_stats.batting_stats.r,away_stats.batting_stats.h,away_stats.batting_stats.2b,away_stats.batting_stats.3b,away_stats.batting_stats.hr,away_stats.batting_stats.rbi,away_stats.batting_stats.bb,away_stats.batting_stats.ibb,away_stats.batting_stats.so,away_stats.batting_stats.hbp,away_stats.batting_stats.sh,away_stats.batting_stats.sf,away_stats.batting_stats.roe,away_stats.batting_stats.gidp,away_stats.batting_stats.sb,away_stats.batting_stats.cs,away_stats.batting_stats.avg,away_stats.batting_stats.obp,away_stats.batting_stats.slug,away_stats.batting_stats.ops,away_stats.batting_stats.lob,away_stats.batting_stats.bat_num,away_stats.batting_stats.opp_thr,away_stats.batting_stats.opp_st,away_stats.batting_stats.opp_st_sc,away_stats.pitching_stats.gtm,away_stats.pitching_stats.ip,away_stats.pitching_stats.h,away_stats.pitching_stats.r,away_stats.pitching_stats.er,away_stats.pitching_stats.uer,away_stats.pitching_stats.bb,away_stats.pitching_stats.so,away_stats.pitching_stats.hr,away_stats.pitching_stats.hbp,away_stats.pitching_stats.era,away_stats.pitching_stats.bf,away_stats.pitching_stats.p,away_stats.pitching_stats.s,away_stats.pitching_stats.ir,away_stats.pitching_stats.is,away_stats.pitching_stats.sb,away_stats.pitching_stats.cs,away_stats.pitching_stats.ab,away_stats.pitching_stats.2b,away_stats.pitching_stats.3b,away_stats.pitching_stats.ibb,away_stats.pitching_stats.sh,away_stats.pitching_stats.sf,away_stats.pitching_stats.roe,away_stats.pitching_stats.gidp,away_stats.pitching_stats.pitch_num,away_stats.pitching_stats.ump,away_stats.pitching_stats.pitchers,book,line_value_book,open_om,close_om,delta_om,open_um,close_um,delta_um,total_move_om,total_move_um,pct_change_om,pct_change_um,max_om,min_om,max_um,min_um,std_om,std_um,ups_om,downs_om,ups_um,downs_um,avg_update_sec,twavg_om,twavg_um,n_updates,prop_norm,actual,outcome,player_type
shane baz,mlb_tbr,401695451,2025-05-07,19:05,mlb_tbr,mlb_phi,dabble_dfs_pitcherstrikeouts_value,5.5,pitcherstrikeouts,dabble,30.0,False,True,False,False,False,5.0,3.1,8.0,6.0,6.0,2.0,3.0,1.0,0.0,4.93,3.97,21.0,83.0,59.0,11.0,7.0,10.0,6.0,0.0,0.0,0.0,21.0,0.0,0.0,0.0,0.0,0.0,18.0,1.0,0.0,0.0,0.0,0.0,0.0,0.97,-0.304,0.71,0.0,-4.74,36.0,4.0,6.0,mlb_tbr,mlb_phi,36,32,29,0,2,0,0,0,0,3,0,12,0,0,0,0,0,0,0,0.239,0.307,0.361,0.667,5,9,L,C.Sánchez,72,36,9,11,7,7,0,2,9,1,0,3.78,42,170,118,1,0,1,0,39,1,0,0,1,0,1,0,6,Will Little,"S.Baz (5-21-L), C.Sulser (0), M.Rodríguez (2), E.Uceta (2), G.Cleavinger (3), P.Fairbanks (2)",36,42,39,7,11,1,0,1,7,2,0,9,0,1,0,1,0,1,0,0.259,0.339,0.405,0.743,8,13,R,S.Baz,21,36,9,2,0,0,0,3,12,0,0,3.85,32,130,77,0,0,0,0,29,0,0,0,0,0,0,0,2,Will Little,"C.Sánchez (6-72-W), T.Walker (5-Sv)",dabble,5.5,1.99,2.1,0.1100000000000001,2.02,1.92,-0.1,0.1100000000000001,0.1,5.527638190954787,-4.950495049504955,2.1,1.99,2.02,1.92,0.0461880215351699,0.0493288286231623,3.0,0.0,0.0,2.0,1049.0,2.078874781369437,1.9391611064325969,4.0,pitcherstrikeouts,3.0,under,pitcher
shane baz,mlb_tbr,401695451,2025-05-07,19:05,mlb_tbr,mlb_phi,dabble_dfs_pitchingouts_value,17.5,pitchingouts,dabble,30.0,False,True,False,False,False,5.0,3.1,8.0,6.0,6.0,2.0,3.0,1.0,0.0,4.93,3.97,21.0,83.0,59.0,11.0,7.0,10.0,6.0,0.0,0.0,0.0,21.0,0.0,0.0,0.0,0.0,0.0,18.0,1.0,0.0,0.0,0.0,0.0,0.0,0.97,-0.304,0.71,0.0,-4.74,36.0,4.0,6.0,mlb_tbr,mlb_phi,36,32,29,0,2,0,0,0,0,3,0,12,0,0,0,0,0,0,0,0.239,0.307,0.361,0.667,5,9,L,C.Sánchez,72,36,9,11,7,7,0,2,9,1,0,3.78,42,170,118,1,0,1,0,39,1,0,0,1,0,1,0,6,Will Little,"S.Baz (5-21-L), C.Sulser (0), M.Rodríguez (2), E.Uceta (2), G.Cleavinger (3), P.Fairbanks (2)",36,42,39,7,11,1,0,1,7,2,0,9,0,1,0,1,0,1,0,0.259,0.339,0.405,0.743,8,13,R,S.Baz,21,36,9,2,0,0,0,3,12,0,0,3.85,32,130,77,0,0,0,0,29,0,0,0,0,0,0,0,2,Will Little,"C.Sánchez (6-72-W), T.Walker (5-Sv)",dabble,17.5,2.12,2.0,-0.1200000000000001,1.9,2.01,0.1099999999999998,0.1400000000000001,0.1499999999999999,-5.660377358490576,5.789473684210522,2.12,1.99,2.03,1.9,0.062449979983984,0.0737111479583198,1.0,2.0,2.0,1.0,1049.0,2.022609315281467,1.9888747813694367,4.0,pitchingouts,10,under,pitcher
shane baz,mlb_tbr,401695451,2025-05-07,19:05,mlb_tbr,mlb_phi,dabble_dfs_earnedrunsallowed_value,2.5,earnedrunsallowed,dabble,30.0,False,True,False,False,False,5.0,3.1,8.0,6.0,6.0,2.0,3.0,1.0,0.0,4.93,3.97,21.0,83.0,59.0,11.0,7.0,10.0,6.0,0.0,0.0,0.0,21.0,0.0,0.0,0.0,0.0,0.0,18.0,1.0,0.0,0.0,0.0,0.0,0.0,0.97,-0.304,0.71,0.0,-4.74,36.0,4.0,6.0,mlb_tbr,mlb_phi,36,32,29,0,2,0,0,0,0,3,0,12,0,0,0,0,0,0,0,0.239,0.307,0.361,0.667,5,9,L,C.Sánchez,72,36,9,11,7,7,0,2,9,1,0,3.78,42,170,118,1,0,1,0,39,1,0,0,1,0,1,0,6,Will Little,"S.Baz (5-21-L), C.Sulser (0), M.Rodríguez (2), E.Uceta (2), G.Cleavinger (3), P.Fairbanks (2)",36,42,39,7,11,1,0,1,7,2,0,9,0,1,0,1,0,1,0,0.259,0.339,0.405,0.743,8,13,R,S.Baz,21,36,9,2,0,0,0,3,12,0,0,3.85,32,130,77,0,0,0,0,29,0,0,0,0,0,0,0,2,Will Little,"C.Sánchez (6-72-W), T.Walker (5-Sv)",dabble,2.5,2.11,2.1,-0.0099999999999997,1.91,1.91,0.0,0.0099999999999997,0.0,-0.4739336492890933,0.0,2.11,2.1,1.91,1.91,,,0.0,1.0,0.0,0.0,856.0,2.100621481819565,1.91,2.0,earnedrunsallowed,6.0,over,pitcher
dylan cease,mlb_sdp,401695452,2025-05-07,19:05,mlb_nyy,mlb_sdp,dabble_dfs_earnedrunsallowed_value,2.5,earnedrunsallowed,dabble,164.0,False,False,False,False,False,4.0,6.2,1.0,1.0,1.0,2.0,9.0,1.0,0.0,4.91,3.36,24.0,86.0,57.0,12.0,18.0,6.0,6.0,0.0,1.0,0.0,75.0,0.0,0.0,0.0,0.0,0.0,21.0,0.0,0.0,0.0,0.0,0.0,0.0,1.12,0.218,1.26,0.0,2.36,36.0,7.0,3.0,mlb_nyy,mlb_sdp,37,36,30,4,3,0,0,2,4,3,0,10,0,1,1,0,0,0,0,0.258,0.342,0.465,0.807,4,12,R,D.Cease,75,37,10,6,3,3,0,3,11,1,1,3.59,41,156,98,2,2,1,0,36,0,0,0,0,1,1,0,4,Ramon De Jesus,"M.Fried (4-71), I.Hamilton (3), L.Weaver (1), D.Williams (1-W)",36,41,36,3,6,0,0,1,3,3,0,11,1,0,1,1,0,1,0,0.256,0.324,0.382,0.707,9,12,L,M.Fried,71,36,9,3,4,3,0,3,10,2,0,3.0,36,128,85,0,0,0,0,30,0,0,0,1,1,0,0,4,Ramon De Jesus,"D.Cease (4-75), J.Adam (2), R.Suarez (1), J.Estrada (1-L)",dabble,2.5,1.99,1.95,-0.04,2.02,2.06,0.04,0.1400000000000001,0.1200000000000001,-2.010050251256279,1.980198019801982,1.99,1.91,2.1,2.02,0.0372379734500505,0.0377712412645741,4.0,2.0,1.0,2.0,1727.0,1.9439975142277752,2.069570877215935,7.0,earnedrunsallowed,1.0,under,pitcher
dylan cease,mlb_sdp,401695452,2025-05-07,19:05,mlb_nyy,mlb_sdp,dabble_dfs_hitsallowed_value,4.5,hitsallowed,dabble,164.0,False,False,False,False,False,4.0,6.2,1.0,1.0,1.0,2.0,9.0,1.0,0.0,4.91,3.36,24.0,86.0,57.0,12.0,18.0,6.0,6.0,0.0,1.0,0.0,75.0,0.0,0.0,0.0,0.0,0.0,21.0,0.0,0.0,0.0,0.0,0.0,0.0,1.12,0.218,1.26,0.0,2.36,36.0,7.0,3.0,mlb_nyy,mlb_sdp,37,36,30,4,3,0,0,2,4,3,0,10,0,1,1,0,0,0,0,0.258,0.342,0.465,0.807,4,12,R,D.Cease,75,37,10,6,3,3,0,3,11,1,1,3.59,41,156,98,2,2,1,0,36,0,0,0,0,1,1,0,4,Ramon De Jesus,"M.Fried (4-71), I.Hamilton (3), L.Weaver (1), D.Williams (1-W)",36,41,36,3,6,0,0,1,3,3,0,11,1,0,1,1,0,1,0,0.256,0.324,0.382,0.707,9,12,L,M.Fried,71,36,9,3,4,3,0,3,10,2,0,3.0,36,128,85,0,0,0,0,30,0,0,0,1,1,0,0,4,Ramon De Jesus,"D.Cease (4-75), J.Adam (2), R.Suarez (1), J.Estrada (1-L)",dabble,4.5,2.05,1.97,-0.0799999999999998,1.96,2.04,0.08,0.1799999999999999,0.1799999999999997,-3.902439024390236,4.081632653061229,2.05,1.94,2.07,1.96,0.045617456975947,0.0452506248312555,3.0,3.0,3.0,3.0,1480.2857142857142,1.9673143604841348,2.04334510958456,8.0,hitsallowed,1.0,under,pitcher
dylan cease,mlb_sdp,401695452,2025-05-07,19:05,mlb_nyy,mlb_sdp,dabble_dfs_pitchingouts_value,15.5,pitchingouts,dabble,164.0,False,False,False,False,False,4.0,6.2,1.0,1.0,1.0,2.0,9.0,1.0,0.0,4.91,3.36,24.0,86.0,57.0,12.0,18.0,6.0,6.0,0.0,1.0,0.0,75.0,0.0,0.0,0.0,0.0,0.0,21.0,0.0,0.0,0.0,0.0,0.0,0.0,1.12,0.218,1.26,0.0,2.36,36.0,7.0,3.0,mlb_nyy,mlb_sdp,37,36,30,4,3,0,0,2,4,3,0,10,0,1,1,0,0,0,0,0.258,0.342,0.465,0.807,4,12,R,D.Cease,75,37,10,6,3,3,0,3,11,1,1,3.59,41,156,98,2,2,1,0,36,0,0,0,0,1,1,0,4,Ramon De Jesus,"M.Fried (4-71), I.Hamilton (3), L.Weaver (1), D.Williams (1-W)",36,41,36,3,6,0,0,1,3,3,0,11,1,0,1,1,0,1,0,0.256,0.324,0.382,0.707,9,12,L,M.Fried,71,36,9,3,4,3,0,3,10,2,0,3.0,36,128,85,0,0,0,0,30,0,0,0,1,1,0,0,4,Ramon De Jesus,"D.Cease (4-75), J.Adam (2), R.Suarez (1), J.Estrada (1-L)",dabble,15.5,2.09,2.08,-0.0099999999999997,1.92,1.93,0.01,0.0699999999999994,0.05,-0.4784688995215225,0.5208333333333259,2.11,2.08,1.93,1.91,0.0106904496764968,0.0106904496764969,3.0,4.0,2.0,2.0,1941.142857142857,2.0956416619398754,1.921805161656268,8.0,pitchingouts,20,over,pitcher
dylan cease,mlb_sdp,401695452,2025-05-07,19:05,mlb_nyy,mlb_sdp,dabble_dfs_walksallowed_value,2.5,walksallowed,dabble,164.0,False,False,False,False,False,4.0,6.2,1.0,1.0,1.0,2.0,9.0,1.0,0.0,4.91,3.36,24.0,86.0,57.0,12.0,18.0,6.0,6.0,0.0,1.0,0.0,75.0,0.0,0.0,0.0,0.0,0.0,21.0,0.0,0.0,0.0,0.0,0.0,0.0,1.12,0.218,1.26,0.0,2.36,36.0,7.0,3.0,mlb_nyy,mlb_sdp,37,36,30,4,3,0,0,2,4,3,0,10,0,1,1,0,0,0,0,0.258,0.342,0.465,0.807,4,12,R,D.Cease,75,37,10,6,3,3,0,3,11,1,1,3.59,41,156,98,2,2,1,0,36,0,0,0,0,1,1,0,4,Ramon De Jesus,"M.Fried (4-71), I.Hamilton (3), L.Weaver (1), D.Williams (1-W)",36,41,36,3,6,0,0,1,3,3,0,11,1,0,1,1,0,1,0,0.256,0.324,0.382,0.707,9,12,L,M.Fried,71,36,9,3,4,3,0,3,10,2,0,3.0,36,128,85,0,0,0,0,30,0,0,0,1,1,0,0,4,Ramon De Jesus,"D.Cease (4-75), J.Adam (2), R.Suarez (1), J.Estrada (1-L)",dabble,2.5,2.12,2.12,0.0,1.9,1.9,0.0,0.0,0.0,0.0,0.0,2.12,2.12,1.9,1.9,,,0.0,0.0,0.0,0.0,,2.12,1.9,1.0,walksallowed,2.0,under,pitcher
erick fedde,mlb_stl,401695475,2025-05-09,18:45,mlb_wsn,mlb_stl,dabble_dfs_earnedrunsallowed_value,2.5,earnedrunsallowed,dabble,141.0,True,False,False,False,False,4.0,9.0,6.0,0.0,0.0,0.0,8.0,0.0,0.0,3.86,4.12,31.0,109.0,68.0,20.0,8.0,12.0,11.0,0.0,1.0,0.0,83.0,0.0,0.0,0.0,0.0,0.0,31.0,1.0,0.0,0.0,2.0,0.0,0.0,0.49,0.227,0.44,0.0,4.37,39.0,0.0,0.0,mlb_wsn,mlb_stl,39,31,31,0,6,1,0,0,0,0,0,8,0,0,0,0,2,0,0,0.241,0.311,0.382,0.694,4,9,R,E.Fedde,83,39,9,11,10,9,0,8,9,0,1,5.47,47,206,121,3,0,0,0,35,4,0,0,0,3,0,0,4,Mike Estabrook,"M.Parker (6-35-L), J.Rutledge (2), L.Sims (2), A.Chafin (1)",39,47,35,10,11,4,0,0,8,8,0,9,1,0,3,0,0,0,0,0.262,0.337,0.402,0.739,10,11,L,M.Parker,35,39,9,6,0,0,0,0,8,0,0,3.97,31,109,68,0,0,0,0,31,1,0,0,0,0,0,2,1,Mike Estabrook,E.Fedde (4-83-W),dabble,2.5,1.95,1.96,0.01,2.07,2.05,-0.02,0.1100000000000001,0.1,0.512820512820511,-0.9661835748792312,2.0,1.94,2.07,2.01,0.0268328157299975,0.0270185121722126,3.0,2.0,1.0,3.0,6165.4,1.962797273586179,2.051703558734872,6.0,earnedrunsallowed,0.0,under,pitcher
erick fedde,mlb_stl,401695475,2025-05-09,18:45,mlb_wsn,mlb_stl,dabble_dfs_pitcherstrikeouts_value,4.5,pitcherstrikeouts,dabble,141.0,True,False,False,False,False,4.0,9.0,6.0,0.0,0.0,0.0,8.0,0.0,0.0,3.86,4.12,31.0,109.0,68.0,20.0,8.0,12.0,11.0,0.0,1.0,0.0,83.0,0.0,0.0,0.0,0.0,0.0,31.0,1.0,0.0,0.0,2.0,0.0,0.0,0.49,0.227,0.44,0.0,4.37,39.0,0.0,0.0,mlb_wsn,mlb_stl,39,31,31,0,6,1,0,0,0,0,0,8,0,0,0,0,2,0,0,0.241,0.311,0.382,0.694,4,9,R,E.Fedde,83,39,9,11,10,9,0,8,9,0,1,5.47,47,206,121,3,0,0,0,35,4,0,0,0,3,0,0,4,Mike Estabrook,"M.Parker (6-35-L), J.Rutledge (2), L.Sims (2), A.Chafin (1)",39,47,35,10,11,4,0,0,8,8,0,9,1,0,3,0,0,0,0,0.262,0.337,0.402,0.739,10,11,L,M.Parker,35,39,9,6,0,0,0,0,8,0,0,3.97,31,109,68,0,0,0,0,31,1,0,0,0,0,0,2,1,Mike Estabrook,E.Fedde (4-83-W),dabble,4.5,2.48,2.47,-0.0099999999999997,-1.0,-1.0,0.0,0.2299999999999995,0.0,-0.4032258064516014,0.0,2.51,2.4,-1.0,-1.0,0.0637965516309462,0.0,1.0,4.0,0.0,0.0,7950.6,2.4694312318510168,-1.0,6.0,pitcherstrikeouts,8.0,over,pitcher
erick fedde,mlb_stl,401695475,2025-05-09,18:45,mlb_wsn,mlb_stl,dabble_dfs_pitchingouts_value,16.5,pitchingouts,dabble,141.0,True,False,False,False,False,4.0,9.0,6.0,0.0,0.0,0.0,8.0,0.0,0.0,3.86,4.12,31.0,109.0,68.0,20.0,8.0,12.0,11.0,0.0,1.0,0.0,83.0,0.0,0.0,0.0,0.0,0.0,31.0,1.0,0.0,0.0,2.0,0.0,0.0,0.49,0.227,0.44,0.0,4.37,39.0,0.0,0.0,mlb_wsn,mlb_stl,39,31,31,0,6,1,0,0,0,0,0,8,0,0,0,0,2,0,0,0.241,0.311,0.382,0.694,4,9,R,E.Fedde,83,39,9,11,10,9,0,8,9,0,1,5.47,47,206,121,3,0,0,0,35,4,0,0,0,3,0,0,4,Mike Estabrook,"M.Parker (6-35-L), J.Rutledge (2), L.Sims (2), A.Chafin (1)",39,47,35,10,11,4,0,0,8,8,0,9,1,0,3,0,0,0,0,0.262,0.337,0.402,0.739,10,11,L,M.Parker,35,39,9,6,0,0,0,0,8,0,0,3.97,31,109,68,0,0,0,0,31,1,0,0,0,0,0,2,1,Mike Estabrook,E.Fedde (4-83-W),dabble,16.5,2.02,1.97,-0.05,1.99,2.04,0.05,0.1300000000000001,0.1100000000000001,-2.475247524752477,2.5125628140703515,2.04,1.95,2.06,1.98,0.0406201920231797,0.039370039370059,3.0,2.0,1.0,3.0,6559.8,2.002693180301615,2.0093084211931136,6.0,pitchingouts,27,over,pitcher
corbin burnes,mlb_ari,401695498,,,mlb_ari,mlb_lad,dabble_dfs_hitsallowed_value,4.5,hitsallowed,dabble,206.0,True,False,False,False,False,9.0,7.0,5.0,0.0,0.0,2.0,5.0,0.0,0.0,2.95,4.67,27.0,91.0,58.0,16.0,11.0,13.0,7.0,0.0,0.0,0.0,70.0,0.0,0.0,1.0,0.0,0.0,24.0,0.0,0.0,1.0,1.0,0.0,0.0,1.26,0.44,1.2,0.0,3.58,40.0,7.0,3.0,mlb_ari,mlb_lad,40,33,32,3,9,2,1,1,3,1,0,8,0,0,0,0,1,3,0,0.249,0.333,0.44,0.773,6,10,R,D.May,56,40,9,5,0,0,0,2,6,0,0,4.51,33,107,69,0,0,1,0,30,0,0,1,1,0,0,1,2,John Tumpane,"C.Burnes (9-70-W), R.Nelson (4-Sv)",40,33,30,0,5,0,0,0,0,2,1,6,0,1,0,0,1,1,0,0.26,0.336,0.459,0.795,6,10,R,C.Burnes,70,40,8,9,3,3,0,1,8,1,0,3.9,33,118,78,1,0,3,0,32,2,1,0,0,0,0,1,3,John Tumpane,"D.May (5-56-L), A.Vesia (0), K.Yates (4)",dabble,4.5,2.02,2.01,-0.0100000000000002,1.99,2.0,0.01,0.0100000000000002,0.01,-0.4950495049505066,0.5025125628140614,2.02,2.01,2.0,1.99,,,0.0,1.0,1.0,0.0,4924.0,2.016611223799865,1.9933887762001352,2.0,hitsallowed,5.0,over,pitcher
corbin burnes,mlb_ari,401695498,,,mlb_ari,mlb_lad,dabble_dfs_pitcherstrikeouts_value,5.5,pitcherstrikeouts,dabble,206.0,True,False,False,False,False,9.0,7.0,5.0,0.0,0.0,2.0,5.0,0.0,0.0,2.95,4.67,27.0,91.0,58.0,16.0,11.0,13.0,7.0,0.0,0.0,0.0,70.0,0.0,0.0,1.0,0.0,0.0,24.0,0.0,0.0,1.0,1.0,0.0,0.0,1.26,0.44,1.2,0.0,3.58,40.0,7.0,3.0,mlb_ari,mlb_lad,40,33,32,3,9,2,1,1,3,1,0,8,0,0,0,0,1,3,0,0.249,0.333,0.44,0.773,6,10,R,D.May,56,40,9,5,0,0,0,2,6,0,0,4.51,33,107,69,0,0,1,0,30,0,0,1,1,0,0,1,2,John Tumpane,"C.Burnes (9-70-W), R.Nelson (4-Sv)",40,33,30,0,5,0,0,0,0,2,1,6,0,1,0,0,1,1,0,0.26,0.336,0.459,0.795,6,10,R,C.Burnes,70,40,8,9,3,3,0,1,8,1,0,3.9,33,118,78,1,0,3,0,32,2,1,0,0,0,0,1,3,John Tumpane,"D.May (5-56-L), A.Vesia (0), K.Yates (4)",dabble,5.5,2.45,2.44,-0.0100000000000002,-1.0,-1.0,0.0,0.0100000000000002,0.0,-0.4081632653061273,0.0,2.45,2.44,-1.0,-1.0,,,0.0,1.0,0.0,0.0,3810.0,2.4451014884979703,-1.0,2.0,pitcherstrikeouts,5.0,under,pitcher
corbin burnes,mlb_ari,401695498,,,mlb_ari,mlb_lad,dabble_dfs_pitchingouts_value,17.5,pitchingouts,dabble,206.0,True,False,False,False,False,9.0,7.0,5.0,0.0,0.0,2.0,5.0,0.0,0.0,2.95,4.67,27.0,91.0,58.0,16.0,11.0,13.0,7.0,0.0,0.0,0.0,70.0,0.0,0.0,1.0,0.0,0.0,24.0,0.0,0.0,1.0,1.0,0.0,0.0,1.26,0.44,1.2,0.0,3.58,40.0,7.0,3.0,mlb_ari,mlb_lad,40,33,32,3,9,2,1,1,3,1,0,8,0,0,0,0,1,3,0,0.249,0.333,0.44,0.773,6,10,R,D.May,56,40,9,5,0,0,0,2,6,0,0,4.51,33,107,69,0,0,1,0,30,0,0,1,1,0,0,1,2,John Tumpane,"C.Burnes (9-70-W), R.Nelson (4-Sv)",40,33,30,0,5,0,0,0,0,2,1,6,0,1,0,0,1,1,0,0.26,0.336,0.459,0.795,6,10,R,C.Burnes,70,40,8,9,3,3,0,1,8,1,0,3.9,33,118,78,1,0,3,0,32,2,1,0,0,0,0,1,3,John Tumpane,"D.May (5-56-L), A.Vesia (0), K.Yates (4)",dabble,17.5,2.09,2.07,-0.02,1.93,1.95,0.02,0.02,0.02,-0.9569377990430672,1.0362694300518172,2.09,2.07,1.95,1.93,3.1401849173675503e-16,0.0,0.0,2.0,2.0,0.0,2462.0,2.0817185588035345,1.9382814411964648,3.0,pitchingouts,21,over,pitcher
nathan eovaldi,mlb_tex,401695438,2025-05-06,18:45,mlb_bos,mlb_tex,dabble_dfs_hitsallowed_value,5.5,hitsallowed,dabble,302.0,True,False,False,False,False,5.0,6.0,5.0,1.0,1.0,1.0,7.0,0.0,0.0,2.03,2.23,23.0,90.0,65.0,7.0,15.0,6.0,9.0,0.0,0.0,0.0,64.0,0.0,0.0,0.0,0.0,0.0,22.0,2.0,0.0,0.0,0.0,0.0,0.0,0.58,0.206,0.55,0.0,2.11,36.0,6.0,4.0,mlb_bos,mlb_tex,37,33,32,1,6,2,0,0,1,1,0,12,0,0,0,0,0,0,0,0.253,0.329,0.416,0.745,5,9,R,N.Eovaldi,64,37,9,16,6,6,0,2,9,0,0,4.04,43,180,115,2,0,0,0,40,2,0,0,0,1,0,0,3,John Bacon,"L.Giolito (5-18-L), B.Bernardino (2), S.Newcomb (8)",36,43,40,6,16,2,0,0,5,2,0,9,0,0,1,0,0,0,0,0.234,0.289,0.362,0.651,10,10,R,L.Giolito,18,36,9,6,1,1,0,1,12,0,0,3.37,33,124,89,0,0,0,0,32,2,0,0,0,0,0,0,4,John Bacon,"N.Eovaldi (5-64-W), S.Armstrong (4), R.Garcia (2), C.Martin (2)",dabble,5.5,2.03,2.11,0.08,1.98,1.91,-0.07,0.1400000000000005,0.1300000000000001,3.940886699507384,-3.535353535353536,2.11,2.03,1.98,1.91,0.0297609523657138,0.0264237447329913,4.0,3.0,3.0,4.0,6727.125,2.0512237975123946,1.963263633991476,9.0,hitsallowed,5.0,under,pitcher
nathan eovaldi,mlb_tex,401695438,2025-05-06,18:45,mlb_bos,mlb_tex,dabble_dfs_pitcherstrikeouts_value,5.5,pitcherstrikeouts,dabble,302.0,True,False,False,False,False,5.0,6.0,5.0,1.0,1.0,1.0,7.0,0.0,0.0,2.03,2.23,23.0,90.0,65.0,7.0,15.0,6.0,9.0,0.0,0.0,0.0,64.0,0.0,0.0,0.0,0.0,0.0,22.0,2.0,0.0,0.0,0.0,0.0,0.0,0.58,0.206,0.55,0.0,2.11,36.0,6.0,4.0,mlb_bos,mlb_tex,37,33,32,1,6,2,0,0,1,1,0,12,0,0,0,0,0,0,0,0.253,0.329,0.416,0.745,5,9,R,N.Eovaldi,64,37,9,16,6,6,0,2,9,0,0,4.04,43,180,115,2,0,0,0,40,2,0,0,0,1,0,0,3,John Bacon,"L.Giolito (5-18-L), B.Bernardino (2), S.Newcomb (8)",36,43,40,6,16,2,0,0,5,2,0,9,0,0,1,0,0,0,0,0.234,0.289,0.362,0.651,10,10,R,L.Giolito,18,36,9,6,1,1,0,1,12,0,0,3.37,33,124,89,0,0,0,0,32,2,0,0,0,0,0,0,4,John Bacon,"N.Eovaldi (5-64-W), S.Armstrong (4), R.Garcia (2), C.Martin (2)",dabble,5.5,2.0,2.02,0.02,2.0,1.99,-0.01,0.0399999999999995,0.03,1.0000000000000009,-0.5000000000000004,2.03,2.0,2.0,1.98,0.0099999999999998,0.0095742710775633,3.0,1.0,1.0,2.0,2699.25,2.0239540396391646,1.9859438993876344,5.0,pitcherstrikeouts,7.0,over,pitcher
ben casparius,mlb_lad,401695425,2025-05-05,18:40,mlb_mia,mlb_lad,dabble_dfs_earnedrunsallowed_value,1.5,earnedrunsallowed,dabble,15.0,True,False,False,False,False,7.0,4.0,5.0,1.0,1.0,2.0,5.0,0.0,0.0,2.81,2.02,19.0,70.0,44.0,7.0,11.0,3.0,9.0,0.0,1.0,0.0,0.0,0.0,0.0,1.0,0.0,0.0,17.0,1.0,0.0,0.0,0.0,0.0,0.0,0.7,0.114,0.83,0.0,0.5,35.0,2.0,4.0,mlb_mia,mlb_lad,34,41,38,4,10,1,0,1,4,3,0,10,0,0,0,1,0,1,0,0.249,0.311,0.383,0.694,10,12,L,J.Dreyer,54,34,9,13,7,7,0,1,8,2,0,5.82,40,156,109,0,0,2,0,39,2,1,0,0,0,0,0,3,Laz Diaz,"S.Alcantara (5-38-L), T.Phillips (2), G.Soriano (5)",35,40,39,7,13,2,1,2,7,1,0,8,0,0,0,0,0,2,0,0.258,0.334,0.461,0.795,6,11,R,S.Alcantara,38,35,9,10,4,4,0,3,10,1,0,3.77,41,141,92,3,0,1,0,38,1,0,0,0,0,1,0,7,Laz Diaz,"J.Dreyer (0-54), B.Casparius (7-W), A.Vesia (1), E.Phillips (2), Y.Gómez (4), T.Scott (2-H), K.Yates (1-Sv)",dabble,1.5,2.11,2.11,0.0,1.91,1.91,0.0,0.0,0.0,0.0,0.0,2.11,2.11,1.91,1.91,,,0.0,0.0,0.0,0.0,,2.11,1.91,1.0,earnedrunsallowed,1.0,under,pitcher
ben casparius,mlb_lad,401695425,2025-05-05,18:40,mlb_mia,mlb_lad,dabble_dfs_hitsallowed_value,3.5,hitsallowed,dabble,15.0,True,False,False,False,False,7.0,4.0,5.0,1.0,1.0,2.0,5.0,0.0,0.0,2.81,2.02,19.0,70.0,44.0,7.0,11.0,3.0,9.0,0.0,1.0,0.0,0.0,0.0,0.0,1.0,0.0,0.0,17.0,1.0,0.0,0.0,0.0,0.0,0.0,0.7,0.114,0.83,0.0,0.5,35.0,2.0,4.0,mlb_mia,mlb_lad,34,41,38,4,10,1,0,1,4,3,0,10,0,0,0,1,0,1,0,0.249,0.311,0.383,0.694,10,12,L,J.Dreyer,54,34,9,13,7,7,0,1,8,2,0,5.82,40,156,109,0,0,2,0,39,2,1,0,0,0,0,0,3,Laz Diaz,"S.Alcantara (5-38-L), T.Phillips (2), G.Soriano (5)",35,40,39,7,13,2,1,2,7,1,0,8,0,0,0,0,0,2,0,0.258,0.334,0.461,0.795,6,11,R,S.Alcantara,38,35,9,10,4,4,0,3,10,1,0,3.77,41,141,92,3,0,1,0,38,1,0,0,0,0,1,0,7,Laz Diaz,"J.Dreyer (0-54), B.Casparius (7-W), A.Vesia (1), E.Phillips (2), Y.Gómez (4), T.Scott (2-H), K.Yates (1-Sv)",dabble,3.5,2.08,2.08,0.0,1.93,1.93,0.0,0.0,0.0,0.0,0.0,2.08,2.08,1.93,1.93,,,0.0,0.0,0.0,0.0,,2.08,1.93,1.0,hitsallowed,5.0,over,pitcher
ben casparius,mlb_lad,401695425,2025-05-05,18:40,mlb_mia,mlb_lad,dabble_dfs_pitcherstrikeouts_value,4.5,pitcherstrikeouts,dabble,15.0,True,False,False,False,False,7.0,4.0,5.0,1.0,1.0,2.0,5.0,0.0,0.0,2.81,2.02,19.0,70.0,44.0,7.0,11.0,3.0,9.0,0.0,1.0,0.0,0.0,0.0,0.0,1.0,0.0,0.0,17.0,1.0,0.0,0.0,0.0,0.0,0.0,0.7,0.114,0.83,0.0,0.5,35.0,2.0,4.0,mlb_mia,mlb_lad,34,41,38,4,10,1,0,1,4,3,0,10,0,0,0,1,0,1,0,0.249,0.311,0.383,0.694,10,12,L,J.Dreyer,54,34,9,13,7,7,0,1,8,2,0,5.82,40,156,109,0,0,2,0,39,2,1,0,0,0,0,0,3,Laz Diaz,"S.Alcantara (5-38-L), T.Phillips (2), G.Soriano (5)",35,40,39,7,13,2,1,2,7,1,0,8,0,0,0,0,0,2,0,0.258,0.334,0.461,0.795,6,11,R,S.Alcantara,38,35,9,10,4,4,0,3,10,1,0,3.77,41,141,92,3,0,1,0,38,1,0,0,0,0,1,0,7,Laz Diaz,"J.Dreyer (0-54), B.Casparius (7-W), A.Vesia (1), E.Phillips (2), Y.Gómez (4), T.Scott (2-H), K.Yates (1-Sv)",dabble,4.5,2.33,2.33,0.0,-1.0,-1.0,0.0,0.0,0.0,0.0,0.0,2.33,2.33,-1.0,-1.0,,,0.0,0.0,0.0,0.0,,,,1.0,pitcherstrikeouts,5.0,over,pitcher
griffin canning,mlb_nym,401695431,2025-05-05,21:40,mlb_ari,mlb_nym,dabble_dfs_earnedrunsallowed_value,2.5,earnedrunsallowed,dabble,106.0,True,False,False,False,False,6.0,5.0,6.0,1.0,1.0,1.0,6.0,1.0,0.0,2.5,3.39,21.0,82.0,52.0,13.0,7.0,9.0,5.0,0.0,0.0,0.0,56.0,0.0,0.0,0.0,0.0,0.0,20.0,0.0,0.0,0.0,1.0,0.0,0.0,1.07,0.113,1.38,0.0,1.17,36.0,6.0,4.0,mlb_ari,mlb_nym,35,37,33,4,9,0,0,1,4,4,0,10,0,0,0,0,2,0,1,0.248,0.331,0.429,0.76,6,9,R,G.Canning,56,35,9,8,5,5,0,5,4,2,2,4.5,38,157,95,2,0,0,0,30,2,1,0,1,0,0,3,5,Marvin Hudson,"R.Nelson (5-47-L), J.Castillo (1), J.Morillo (0), R.Thompson (0), T.Henry (99)",36,38,30,5,8,2,1,2,5,5,0,4,2,1,0,0,3,0,0,0.253,0.335,0.423,0.758,6,10,R,R.Nelson,47,36,9,9,4,4,0,4,10,1,0,2.91,37,148,87,4,3,0,1,33,0,0,0,0,0,0,2,5,Marvin Hudson,"G.Canning (6-56-W), H.Brazobán (0-H), D.Núñez (99), R.Garrett (0-H), E.Díaz (0-Sv)",dabble,2.5,2.08,1.99,-0.09,1.94,2.02,0.08,0.1100000000000001,0.1200000000000001,-4.326923076923084,4.123711340206193,2.08,1.98,2.04,1.94,0.0288097205817759,0.0258198889747161,1.0,3.0,4.0,2.0,3315.1666666666665,1.986879653548093,2.024669503115028,7.0,earnedrunsallowed,1.0,under,pitcher
griffin canning,mlb_nym,401695431,2025-05-05,21:40,mlb_ari,mlb_nym,dabble_dfs_pitchingouts_value,15.5,pitchingouts,dabble,106.0,True,False,False,False,False,6.0,5.0,6.0,1.0,1.0,1.0,6.0,1.0,0.0,2.5,3.39,21.0,82.0,52.0,13.0,7.0,9.0,5.0,0.0,0.0,0.0,56.0,0.0,0.0,0.0,0.0,0.0,20.0,0.0,0.0,0.0,1.0,0.0,0.0,1.07,0.113,1.38,0.0,1.17,36.0,6.0,4.0,mlb_ari,mlb_nym,35,37,33,4,9,0,0,1,4,4,0,10,0,0,0,0,2,0,1,0.248,0.331,0.429,0.76,6,9,R,G.Canning,56,35,9,8,5,5,0,5,4,2,2,4.5,38,157,95,2,0,0,0,30,2,1,0,1,0,0,3,5,Marvin Hudson,"R.Nelson (5-47-L), J.Castillo (1), J.Morillo (0), R.Thompson (0), T.Henry (99)",36,38,30,5,8,2,1,2,5,5,0,4,2,1,0,0,3,0,0,0.253,0.335,0.423,0.758,6,10,R,R.Nelson,47,36,9,9,4,4,0,4,10,1,0,2.91,37,148,87,4,3,0,1,33,0,0,0,0,0,0,2,5,Marvin Hudson,"G.Canning (6-56-W), H.Brazobán (0-H), D.Núñez (99), R.Garrett (0-H), E.Díaz (0-Sv)",dabble,15.5,2.06,2.09,0.0299999999999998,1.95,1.93,-0.02,0.1100000000000007,0.06,1.4563106796116498,-1.025641025641022,2.11,2.06,1.95,1.91,0.015,0.0120185042515466,5.0,3.0,2.0,2.0,2210.1111111111118,2.094798704303563,1.9218652629955264,10.0,pitchingouts,15,under,pitcher
mackenzie gore,mlb_wsn,401695505,2025-05-11,13:35,mlb_wsn,mlb_stl,dabble_dfs_hitsallowed_value,4.5,hitsallowed,dabble,84.0,False,True,False,False,False,6.0,6.2,5.0,4.0,4.0,3.0,7.0,2.0,0.0,3.59,3.2,26.0,101.0,62.0,10.0,12.0,5.0,11.0,0.0,1.0,0.0,52.0,0.0,0.0,0.0,1.0,0.0,23.0,1.0,0.0,0.0,1.0,0.0,0.0,0.79,-0.056,0.43,0.0,-0.03,41.0,7.0,3.0,mlb_wsn,mlb_stl,41,32,29,1,5,1,0,1,1,2,0,8,0,1,0,0,1,0,0,0.239,0.309,0.379,0.688,4,9,R,M.Mikolas,60,41,9,9,6,6,0,5,10,3,0,5.45,39,149,94,2,1,0,1,34,1,0,0,0,0,0,1,4,Erich Bacchus,"M.Gore (6-52-L), A.Chafin (1), B.Lord (4), Z.Brzykcy (0)",41,39,34,6,9,1,0,3,6,5,0,10,0,0,0,0,1,0,1,0.261,0.338,0.403,0.74,6,9,L,M.Gore,52,41,9,5,1,1,0,2,8,1,0,3.85,32,116,76,1,0,0,0,29,1,0,0,1,0,0,1,4,Erich Bacchus,"M.Mikolas (5-60-W), S.Matz (4-H), P.Maton (5), J.King (8)",dabble,4.5,1.97,2.01,0.0399999999999998,2.05,2.0,-0.0499999999999998,0.3199999999999987,0.3299999999999978,2.030456852791862,-2.439024390243893,2.03,1.96,2.05,1.98,0.0239006658916724,0.0251596211407824,10.0,7.0,7.0,10.0,3002.0,1.9935490559052205,2.018024250277674,19.0,hitsallowed,5.0,over,pitcher
mackenzie gore,mlb_wsn,401695505,2025-05-11,13:35,mlb_wsn,mlb_stl,dabble_dfs_pitcherstrikeouts_value,6.5,pitcherstrikeouts,dabble,84.0,False,True,False,False,False,6.0,6.2,5.0,4.0,4.0,3.0,7.0,2.0,0.0,3.59,3.2,26.0,101.0,62.0,10.0,12.0,5.0,11.0,0.0,1.0,0.0,52.0,0.0,0.0,0.0,1.0,0.0,23.0,1.0,0.0,0.0,1.0,0.0,0.0,0.79,-0.056,0.43,0.0,-0.03,41.0,7.0,3.0,mlb_wsn,mlb_stl,41,32,29,1,5,1,0,1,1,2,0,8,0,1,0,0,1,0,0,0.239,0.309,0.379,0.688,4,9,R,M.Mikolas,60,41,9,9,6,6,0,5,10,3,0,5.45,39,149,94,2,1,0,1,34,1,0,0,0,0,0,1,4,Erich Bacchus,"M.Gore (6-52-L), A.Chafin (1), B.Lord (4), Z.Brzykcy (0)",41,39,34,6,9,1,0,3,6,5,0,10,0,0,0,0,1,0,1,0.261,0.338,0.403,0.74,6,9,L,M.Gore,52,41,9,5,1,1,0,2,8,1,0,3.85,32,116,76,1,0,0,0,29,1,0,0,1,0,0,1,4,Erich Bacchus,"M.Mikolas (5-60-W), S.Matz (4-H), P.Maton (5), J.King (8)",dabble,6.5,2.01,1.93,-0.0799999999999998,2.0,2.09,0.0899999999999998,0.4400000000000001,0.4300000000000001,-3.980099502487555,4.499999999999993,2.04,1.93,2.09,1.97,0.037581657126595,0.0390603928003071,6.0,9.0,9.0,4.0,3602.4,1.9817610469194136,2.0296736682786367,16.0,pitcherstrikeouts,7.0,over,pitcher
mackenzie gore,mlb_wsn,401695505,2025-05-11,13:35,mlb_wsn,mlb_stl,dabble_dfs_pitchingouts_value,17.5,pitchingouts,dabble,84.0,False,True,False,False,False,6.0,6.2,5.0,4.0,4.0,3.0,7.0,2.0,0.0,3.59,3.2,26.0,101.0,62.0,10.0,12.0,5.0,11.0,0.0,1.0,0.0,52.0,0.0,0.0,0.0,1.0,0.0,23.0,1.0,0.0,0.0,1.0,0.0,0.0,0.79,-0.056,0.43,0.0,-0.03,41.0,7.0,3.0,mlb_wsn,mlb_stl,41,32,29,1,5,1,0,1,1,2,0,8,0,1,0,0,1,0,0,0.239,0.309,0.379,0.688,4,9,R,M.Mikolas,60,41,9,9,6,6,0,5,10,3,0,5.45,39,149,94,2,1,0,1,34,1,0,0,0,0,0,1,4,Erich Bacchus,"M.Gore (6-52-L), A.Chafin (1), B.Lord (4), Z.Brzykcy (0)",41,39,34,6,9,1,0,3,6,5,0,10,0,0,0,0,1,0,1,0.261,0.338,0.403,0.74,6,9,L,M.Gore,52,41,9,5,1,1,0,2,8,1,0,3.85,32,116,76,1,0,0,0,29,1,0,0,1,0,0,1,4,Erich Bacchus,"M.Mikolas (5-60-W), S.Matz (4-H), P.Maton (5), J.King (8)",dabble,17.5,1.92,1.9,-0.02,2.1,2.12,0.02,0.04,0.0400000000000004,-1.041666666666663,0.952380952380949,1.92,1.9,2.12,2.1,0.0089442719099991,0.0089442719099992,1.0,3.0,3.0,1.0,4665.6,1.91383249448623,2.1061884295651194,6.0,pitchingouts,20,over,pitcher
jonathan cannon,mlb_chw,401695455,2025-05-07,19:40,mlb_kcr,mlb_chw,dabble_dfs_pitcherstrikeouts_value,3.5,pitcherstrikeouts,dabble,31.0,False,True,False,False,False,4.0,6.0,9.0,2.0,2.0,0.0,1.0,1.0,0.0,4.09,4.68,26.0,90.0,59.0,13.0,5.0,12.0,13.0,0.0,3.0,0.0,47.0,0.0,0.0,1.0,0.0,0.0,26.0,1.0,0.0,0.0,1.0,0.0,0.0,0.96,0.028,0.18,0.0,1.02,37.0,6.0,4.0,mlb_kcr,mlb_chw,38,33,32,2,10,1,0,1,2,0,0,3,0,1,0,0,1,1,0,0.239,0.301,0.362,0.662,7,11,R,J.Cannon,47,38,9,6,1,1,0,1,10,0,0,2.99,34,122,87,0,0,0,0,33,2,0,0,0,0,0,0,3,Sean Barber,"M.Wacha (4-75-W), L.Erceg (2-H), C.Estévez (1-Sv)",37,34,33,1,6,2,0,0,1,1,0,10,0,0,0,0,0,0,0,0.216,0.294,0.321,0.616,6,12,R,M.Wacha,75,37,8,10,2,2,0,0,3,1,0,4.07,33,115,79,1,0,1,0,32,1,0,0,1,0,0,1,3,Sean Barber,"J.Cannon (4-47-L), C.Freeman (1), T.Gilbert (7)",dabble,3.5,2.0,1.92,-0.08,2.01,2.1,0.0900000000000003,0.1,0.1099999999999998,-4.000000000000004,4.47761194029852,2.0,1.91,2.11,2.01,0.0707106781186548,0.0777817459305201,1.0,1.0,1.0,1.0,8488.0,1.9299765258215964,2.088034037558685,3.0,pitcherstrikeouts,1.0,under,pitcher
jonathan cannon,mlb_chw,401695455,2025-05-07,19:40,mlb_kcr,mlb_chw,dabble_dfs_earnedrunsallowed_value,2.5,earnedrunsallowed,dabble,31.0,False,True,False,False,False,4.0,6.0,9.0,2.0,2.0,0.0,1.0,1.0,0.0,4.09,4.68,26.0,90.0,59.0,13.0,5.0,12.0,13.0,0.0,3.0,0.0,47.0,0.0,0.0,1.0,0.0,0.0,26.0,1.0,0.0,0.0,1.0,0.0,0.0,0.96,0.028,0.18,0.0,1.02,37.0,6.0,4.0,mlb_kcr,mlb_chw,38,33,32,2,10,1,0,1,2,0,0,3,0,1,0,0,1,1,0,0.239,0.301,0.362,0.662,7,11,R,J.Cannon,47,38,9,6,1,1,0,1,10,0,0,2.99,34,122,87,0,0,0,0,33,2,0,0,0,0,0,0,3,Sean Barber,"M.Wacha (4-75-W), L.Erceg (2-H), C.Estévez (1-Sv)",37,34,33,1,6,2,0,0,1,1,0,10,0,0,0,0,0,0,0,0.216,0.294,0.321,0.616,6,12,R,M.Wacha,75,37,8,10,2,2,0,0,3,1,0,4.07,33,115,79,1,0,1,0,32,1,0,0,1,0,0,1,3,Sean Barber,"J.Cannon (4-47-L), C.Freeman (1), T.Gilbert (7)",dabble,2.5,1.92,1.92,0.0,2.09,2.09,0.0,0.0,0.0,0.0,0.0,1.92,1.92,2.09,2.09,,,0.0,0.0,0.0,0.0,,1.92,2.09,1.0,earnedrunsallowed,2.0,under,pitcher
jonathan cannon,mlb_chw,401695455,2025-05-07,19:40,mlb_kcr,mlb_chw,dabble_dfs_hitsallowed_value,5.5,hitsallowed,dabble,31.0,False,True,False,False,False,4.0,6.0,9.0,2.0,2.0,0.0,1.0,1.0,0.0,4.09,4.68,26.0,90.0,59.0,13.0,5.0,12.0,13.0,0.0,3.0,0.0,47.0,0.0,0.0,1.0,0.0,0.0,26.0,1.0,0.0,0.0,1.0,0.0,0.0,0.96,0.028,0.18,0.0,1.02,37.0,6.0,4.0,mlb_kcr,mlb_chw,38,33,32,2,10,1,0,1,2,0,0,3,0,1,0,0,1,1,0,0.239,0.301,0.362,0.662,7,11,R,J.Cannon,47,38,9,6,1,1,0,1,10,0,0,2.99,34,122,87,0,0,0,0,33,2,0,0,0,0,0,0,3,Sean Barber,"M.Wacha (4-75-W), L.Erceg (2-H), C.Estévez (1-Sv)",37,34,33,1,6,2,0,0,1,1,0,10,0,0,0,0,0,0,0,0.216,0.294,0.321,0.616,6,12,R,M.Wacha,75,37,8,10,2,2,0,0,3,1,0,4.07,33,115,79,1,0,1,0,32,1,0,0,1,0,0,1,3,Sean Barber,"J.Cannon (4-47-L), C.Freeman (1), T.Gilbert (7)",dabble,5.5,1.9,1.9,0.0,2.12,2.12,0.0,0.0,0.0,0.0,0.0,1.9,1.9,2.12,2.12,,,0.0,0.0,0.0,0.0,,1.9,2.12,1.0,hitsallowed,9.0,over,pitcher
hunter greene,mlb_cin,401695448,2025-05-07,19:15,mlb_atl,mlb_cin,dabble_dfs_hitsallowed_value,4.5,hitsallowed,dabble,80.0,False,False,False,False,False,4.0,3.0,2.0,0.0,0.0,0.0,6.0,0.0,0.0,2.36,3.09,11.0,53.0,38.0,5.0,16.0,3.0,2.0,0.0,0.0,0.0,61.0,0.0,0.0,0.0,0.0,0.0,11.0,0.0,0.0,0.0,0.0,0.0,0.0,1.14,0.152,0.98,0.0,1.53,38.0,3.0,7.0,mlb_atl,mlb_cin,36,34,32,3,6,0,0,1,3,1,0,13,0,0,1,0,0,1,0,0.24,0.313,0.388,0.701,4,10,R,H.Greene,61,36,9,7,4,4,0,3,9,2,0,4.02,35,139,90,1,0,0,0,32,1,0,1,0,0,0,0,4,Alan Porter,"G.Holmes (4-42-L), A.Bummer (3), D.Lee (2), E.De Los Santos (1)",38,35,32,4,7,1,0,2,4,3,1,9,0,0,0,0,0,0,0,0.242,0.322,0.382,0.704,4,10,R,G.Holmes,42,38,9,6,3,3,0,1,13,1,0,3.59,34,153,105,2,2,1,0,32,0,0,0,0,1,0,0,7,Alan Porter,"H.Greene (4-61), B.Suter (3-W), S.Barlow (1-H), T.Rogers (2-H), L.Mey (1-H), T.Santillan (0-H), E.Pagán (0-Sv)",dabble,4.5,2.1,2.06,-0.04,1.92,1.95,0.03,0.1000000000000005,0.09,-1.904761904761909,1.5625,2.1,2.05,1.96,1.92,0.040414518843274,0.0360555127546399,1.0,2.0,2.0,1.0,1616.6666666666667,2.0664900378490323,1.945146040134257,4.0,hitsallowed,2.0,under,pitcher
tanner bibee,mlb_cle,401695489,2025-05-10,18:10,mlb_cle,mlb_phi,dabble_dfs_earnedrunsallowed_value,2.5,earnedrunsallowed,dabble,64.0,False,True,False,False,False,5.0,7.0,5.0,1.0,1.0,0.0,3.0,0.0,0.0,3.8,5.53,26.0,96.0,63.0,15.0,8.0,8.0,15.0,0.0,3.0,0.0,66.0,0.0,0.0,1.0,0.0,0.0,26.0,2.0,0.0,0.0,0.0,0.0,0.0,0.99,0.235,1.13,0.0,2.42,39.0,7.0,3.0,mlb_cle,mlb_phi,39,32,28,1,4,1,0,0,1,3,0,6,0,0,1,0,1,1,1,0.237,0.31,0.388,0.697,4,9,L,R.Suárez,75,39,9,13,7,7,0,1,7,1,0,4.26,41,146,99,1,1,1,0,40,3,0,0,0,0,0,0,3,Alex MacKay,"T.Bibee (5-66-L), J.Junis (3), J.Cantillo (2)",39,41,40,7,13,3,0,1,7,1,0,7,0,0,0,0,0,1,0,0.259,0.338,0.403,0.741,7,9,R,T.Bibee,66,39,9,4,1,1,0,3,6,0,0,3.86,32,123,80,0,0,1,1,28,1,0,0,0,1,0,1,3,Alex MacKay,"R.Suárez (5-75-W), C.Hernández (1), J.Ross (0)",dabble,2.5,2.02,2.02,0.0,1.99,1.99,0.0,0.0,0.0,0.0,0.0,2.02,2.02,1.99,1.99,,,0.0,0.0,0.0,0.0,,2.02,1.99,1.0,earnedrunsallowed,1.0,under,pitcher
tanner bibee,mlb_cle,401695489,2025-05-10,18:10,mlb_cle,mlb_phi,dabble_dfs_pitcherstrikeouts_value,5.5,pitcherstrikeouts,dabble,64.0,False,True,False,False,False,5.0,7.0,5.0,1.0,1.0,0.0,3.0,0.0,0.0,3.8,5.53,26.0,96.0,63.0,15.0,8.0,8.0,15.0,0.0,3.0,0.0,66.0,0.0,0.0,1.0,0.0,0.0,26.0,2.0,0.0,0.0,0.0,0.0,0.0,0.99,0.235,1.13,0.0,2.42,39.0,7.0,3.0,mlb_cle,mlb_phi,39,32,28,1,4,1,0,0,1,3,0,6,0,0,1,0,1,1,1,0.237,0.31,0.388,0.697,4,9,L,R.Suárez,75,39,9,13,7,7,0,1,7,1,0,4.26,41,146,99,1,1,1,0,40,3,0,0,0,0,0,0,3,Alex MacKay,"T.Bibee (5-66-L), J.Junis (3), J.Cantillo (2)",39,41,40,7,13,3,0,1,7,1,0,7,0,0,0,0,0,1,0,0.259,0.338,0.403,0.741,7,9,R,T.Bibee,66,39,9,4,1,1,0,3,6,0,0,3.86,32,123,80,0,0,1,1,28,1,0,0,0,1,0,1,3,Alex MacKay,"R.Suárez (5-75-W), C.Hernández (1), J.Ross (0)",dabble,5.5,2.14,2.14,0.0,-1.0,-1.0,0.0,0.0,0.0,0.0,0.0,2.14,2.14,-1.0,-1.0,,,0.0,0.0,0.0,0.0,,2.14,-1.0,1.0,pitcherstrikeouts,3.0,under,pitcher
tanner bibee,mlb_cle,401695489,2025-05-10,18:10,mlb_cle,mlb_phi,dabble_dfs_pitchingouts_value,16.5,pitchingouts,dabble,64.0,False,True,False,False,False,5.0,7.0,5.0,1.0,1.0,0.0,3.0,0.0,0.0,3.8,5.53,26.0,96.0,63.0,15.0,8.0,8.0,15.0,0.0,3.0,0.0,66.0,0.0,0.0,1.0,0.0,0.0,26.0,2.0,0.0,0.0,0.0,0.0,0.0,0.99,0.235,1.13,0.0,2.42,39.0,7.0,3.0,mlb_cle,mlb_phi,39,32,28,1,4,1,0,0,1,3,0,6,0,0,1,0,1,1,1,0.237,0.31,0.388,0.697,4,9,L,R.Suárez,75,39,9,13,7,7,0,1,7,1,0,4.26,41,146,99,1,1,1,0,40,3,0,0,0,0,0,0,3,Alex MacKay,"T.Bibee (5-66-L), J.Junis (3), J.Cantillo (2)",39,41,40,7,13,3,0,1,7,1,0,7,0,0,0,0,0,1,0,0.259,0.338,0.403,0.741,7,9,R,T.Bibee,66,39,9,4,1,1,0,3,6,0,0,3.86,32,123,80,0,0,1,1,28,1,0,0,0,1,0,1,3,Alex MacKay,"R.Suárez (5-75-W), C.Hernández (1), J.Ross (0)",dabble,16.5,1.98,1.98,0.0,2.03,2.03,0.0,0.0,0.0,0.0,0.0,1.98,1.98,2.03,2.03,,,0.0,0.0,0.0,0.0,,1.98,2.03,1.0,pitchingouts,21,over,pitcher
bailey falter,mlb_pit,401695471,2025-05-09,18:40,mlb_pit,mlb_atl,dabble_dfs_earnedrunsallowed_value,2.5,earnedrunsallowed,dabble,96.0,True,False,False,False,False,5.0,6.0,2.0,0.0,0.0,2.0,3.0,0.0,0.0,4.36,4.45,22.0,89.0,56.0,13.0,7.0,5.0,12.0,0.0,6.0,0.0,69.0,0.0,0.0,0.0,0.0,0.0,20.0,0.0,0.0,0.0,0.0,0.0,0.0,1.02,0.369,0.2,0.0,3.07,39.0,6.0,4.0,mlb_pit,mlb_atl,39,28,28,3,5,1,0,2,3,0,0,12,0,0,0,0,1,0,0,0.218,0.298,0.328,0.626,1,10,R,B.Elder,58,39,9,7,2,2,0,3,8,0,0,4.25,37,150,94,1,0,1,0,33,0,1,0,0,1,0,0,5,Dan Bellino,"B.Falter (5-69-W), C.Shugart (3-H), C.Ferguson (1-H), D.Bednar (2-H), D.Santana (2-Sv)",38,37,33,2,7,0,1,0,2,3,0,8,0,0,1,0,0,1,0,0.239,0.311,0.383,0.695,8,12,L,B.Falter,69,38,8,5,3,3,0,0,12,2,0,3.96,28,126,82,0,0,0,0,28,1,0,0,0,0,0,1,3,Dan Bellino,"B.Elder (4-58-L), E.De Los Santos (1), A.Bummer (1)",dabble,2.5,1.92,2.02,0.1,2.09,1.99,-0.0999999999999998,0.2199999999999997,0.2600000000000004,5.208333333333348,-4.784688995215303,2.05,1.92,2.1,1.96,0.0402768199119818,0.0410960933531265,3.0,2.0,4.0,5.0,2659.3,1.9886562783872543,2.0234438543777515,11.0,earnedrunsallowed,0.0,under,pitcher
bailey falter,mlb_pit,401695471,2025-05-09,18:40,mlb_pit,mlb_atl,dabble_dfs_pitcherstrikeouts_value,4.5,pitcherstrikeouts,dabble,96.0,True,False,False,False,False,5.0,6.0,2.0,0.0,0.0,2.0,3.0,0.0,0.0,4.36,4.45,22.0,89.0,56.0,13.0,7.0,5.0,12.0,0.0,6.0,0.0,69.0,0.0,0.0,0.0,0.0,0.0,20.0,0.0,0.0,0.0,0.0,0.0,0.0,1.02,0.369,0.2,0.0,3.07,39.0,6.0,4.0,mlb_pit,mlb_atl,39,28,28,3,5,1,0,2,3,0,0,12,0,0,0,0,1,0,0,0.218,0.298,0.328,0.626,1,10,R,B.Elder,58,39,9,7,2,2,0,3,8,0,0,4.25,37,150,94,1,0,1,0,33,0,1,0,0,1,0,0,5,Dan Bellino,"B.Falter (5-69-W), C.Shugart (3-H), C.Ferguson (1-H), D.Bednar (2-H), D.Santana (2-Sv)",38,37,33,2,7,0,1,0,2,3,0,8,0,0,1,0,0,1,0,0.239,0.311,0.383,0.695,8,12,L,B.Falter,69,38,8,5,3,3,0,0,12,2,0,3.96,28,126,82,0,0,0,0,28,1,0,0,0,0,0,1,3,Dan Bellino,"B.Elder (4-58-L), E.De Los Santos (1), A.Bummer (1)",dabble,4.5,2.34,2.09,-0.25,-1.0,1.93,2.93,0.5100000000000007,2.93,-10.68376068376068,-293.0,2.45,2.09,1.93,-1.0,0.1246065235623148,1.035911434438292,3.0,5.0,1.0,0.0,2495.125,2.4074693347193348,-1.0,9.0,pitcherstrikeouts,3.0,under,pitcher
bailey falter,mlb_pit,401695471,2025-05-09,18:40,mlb_pit,mlb_atl,dabble_dfs_pitchingouts_value,16.5,pitchingouts,dabble,96.0,True,False,False,False,False,5.0,6.0,2.0,0.0,0.0,2.0,3.0,0.0,0.0,4.36,4.45,22.0,89.0,56.0,13.0,7.0,5.0,12.0,0.0,6.0,0.0,69.0,0.0,0.0,0.0,0.0,0.0,20.0,0.0,0.0,0.0,0.0,0.0,0.0,1.02,0.369,0.2,0.0,3.07,39.0,6.0,4.0,mlb_pit,mlb_atl,39,28,28,3,5,1,0,2,3,0,0,12,0,0,0,0,1,0,0,0.218,0.298,0.328,0.626,1,10,R,B.Elder,58,39,9,7,2,2,0,3,8,0,0,4.25,37,150,94,1,0,1,0,33,0,1,0,0,1,0,0,5,Dan Bellino,"B.Falter (5-69-W), C.Shugart (3-H), C.Ferguson (1-H), D.Bednar (2-H), D.Santana (2-Sv)",38,37,33,2,7,0,1,0,2,3,0,8,0,0,1,0,0,1,0,0.239,0.311,0.383,0.695,8,12,L,B.Falter,69,38,8,5,3,3,0,0,12,2,0,3.96,28,126,82,0,0,0,0,28,1,0,0,0,0,0,1,3,Dan Bellino,"B.Elder (4-58-L), E.De Los Santos (1), A.Bummer (1)",dabble,16.5,1.98,2.0,0.02,2.03,2.01,-0.02,0.02,0.02,1.0101010101010166,-0.985221674876846,2.0,1.98,2.03,2.01,,,1.0,0.0,0.0,1.0,6632.0,1.986268062827225,2.0237319371727747,2.0,pitchingouts,18,over,pitcher
kyle gibson,mlb_bal,401695497,2025-05-10,21:38,mlb_laa,mlb_bal,dabble_dfs_earnedrunsallowed_value,2.5,earnedrunsallowed,dabble,333.0,False,True,False,False,False,5.0,4.0,7.0,5.0,5.0,3.0,4.0,1.0,0.0,13.11,10.91,22.0,79.0,46.0,13.0,4.0,7.0,8.0,0.0,0.0,0.0,29.0,0.0,0.0,0.0,0.0,0.0,18.0,0.0,1.0,0.0,0.0,1.0,0.0,0.62,-0.233,0.29,0.0,-3.86,38.0,5.0,5.0,mlb_laa,mlb_bal,38,37,30,5,7,0,1,1,5,6,0,8,0,0,1,0,0,0,0,0.217,0.275,0.387,0.662,8,9,R,K.Gibson,29,38,9,6,2,2,0,4,7,1,0,5.2,35,147,90,2,0,0,0,31,1,0,0,0,0,0,2,5,Nestor Ceja,"J.Kochanowicz (5-57-W), H.Neris (0-H), J.Fermin (1), R.Zeferjahn (2), B.Burke (1)",38,35,31,2,6,1,0,1,2,4,0,7,0,0,0,0,2,0,0,0.227,0.295,0.384,0.679,6,11,R,J.Kochanowicz,57,38,8,7,5,5,0,6,8,1,0,5.38,37,148,84,4,1,0,0,30,0,1,0,0,1,0,0,4,Nestor Ceja,"K.Gibson (5-29-L), C.Selby (13), C.Pérez (3), C.Morton (2)",dabble,2.5,2.11,2.11,0.0,1.91,1.91,0.0,0.0,0.0,0.0,0.0,2.11,2.11,1.91,1.91,,,0.0,0.0,0.0,0.0,,2.11,1.91,1.0,earnedrunsallowed,5.0,over,pitcher
kyle gibson,mlb_bal,401695497,2025-05-10,21:38,mlb_laa,mlb_bal,dabble_dfs_pitchingouts_value,15.5,pitchingouts,dabble,333.0,False,True,False,False,False,5.0,4.0,7.0,5.0,5.0,3.0,4.0,1.0,0.0,13.11,10.91,22.0,79.0,46.0,13.0,4.0,7.0,8.0,0.0,0.0,0.0,29.0,0.0,0.0,0.0,0.0,0.0,18.0,0.0,1.0,0.0,0.0,1.0,0.0,0.62,-0.233,0.29,0.0,-3.86,38.0,5.0,5.0,mlb_laa,mlb_bal,38,37,30,5,7,0,1,1,5,6,0,8,0,0,1,0,0,0,0,0.217,0.275,0.387,0.662,8,9,R,K.Gibson,29,38,9,6,2,2,0,4,7,1,0,5.2,35,147,90,2,0,0,0,31,1,0,0,0,0,0,2,5,Nestor Ceja,"J.Kochanowicz (5-57-W), H.Neris (0-H), J.Fermin (1), R.Zeferjahn (2), B.Burke (1)",38,35,31,2,6,1,0,1,2,4,0,7,0,0,0,0,2,0,0,0.227,0.295,0.384,0.679,6,11,R,J.Kochanowicz,57,38,8,7,5,5,0,6,8,1,0,5.38,37,148,84,4,1,0,0,30,0,1,0,0,1,0,0,4,Nestor Ceja,"K.Gibson (5-29-L), C.Selby (13), C.Pérez (3), C.Morton (2)",dabble,15.5,2.01,2.0,-0.0099999999999997,2.0,2.02,0.02,0.0499999999999998,0.06,-0.4975124378109319,1.0000000000000009,2.03,2.0,2.02,1.98,0.0170782512765993,0.0173205080756887,1.0,2.0,3.0,1.0,2698.0,2.0146458119927506,1.9969639902292964,5.0,pitchingouts,12,under,pitcher
josé berríos,mlb_tor,401695462,2025-05-07,21:38,mlb_laa,mlb_tor,dabble_dfs_hitsallowed_value,5.5,hitsallowed,dabble,252.0,False,False,False,False,False,5.0,6.0,5.0,2.0,2.0,5.0,9.0,2.0,1.0,3.86,4.82,27.0,89.0,55.0,14.0,17.0,5.0,7.0,0.0,0.0,0.0,58.0,0.0,0.0,0.0,1.0,0.0,21.0,0.0,0.0,1.0,1.0,0.0,0.0,1.39,0.078,1.24,0.0,0.97,36.0,7.0,3.0,mlb_laa,mlb_tor,35,40,32,5,9,1,0,2,5,6,1,14,2,0,0,0,1,0,1,0.218,0.276,0.389,0.665,10,11,R,J.Berríos,58,35,9,12,4,4,0,2,8,0,0,5.25,39,140,102,2,2,0,0,37,2,0,1,0,0,0,2,5,Edwin Moscoso,"Y.Kikuchi (5-63), R.Detmers (5), R.Zeferjahn (4), C.Brogdon (99), B.Burke (3-W)",36,39,37,4,12,2,0,0,4,2,1,8,0,0,0,0,2,0,0,0.241,0.31,0.356,0.666,8,10,L,Y.Kikuchi,63,36,8,9,5,5,0,6,14,2,2,4.39,40,135,84,1,0,0,1,32,1,0,1,0,0,0,1,4,Edwin Moscoso,"J.Berríos (5-58), Y.Rodríguez (2-H), B.Little (2-H), J.Hoffman (0-BL)",dabble,5.5,2.1,2.09,-0.0100000000000002,1.92,1.93,0.01,0.0299999999999998,0.03,-0.4761904761904856,0.5208333333333259,2.11,2.09,1.93,1.91,0.0212132034355962,0.0212132034355964,1.0,1.0,1.0,1.0,6663.0,2.0959399018806217,1.9240600981193785,3.0,hitsallowed,5.0,under,pitcher
josé berríos,mlb_tor,401695462,2025-05-07,21:38,mlb_laa,mlb_tor,dabble_dfs_pitcherstrikeouts_value,5.5,pitcherstrikeouts,dabble,252.0,False,False,False,False,False,5.0,6.0,5.0,2.0,2.0,5.0,9.0,2.0,1.0,3.86,4.82,27.0,89.0,55.0,14.0,17.0,5.0,7.0,0.0,0.0,0.0,58.0,0.0,0.0,0.0,1.0,0.0,21.0,0.0,0.0,1.0,1.0,0.0,0.0,1.39,0.078,1.24,0.0,0.97,36.0,7.0,3.0,mlb_laa,mlb_tor,35,40,32,5,9,1,0,2,5,6,1,14,2,0,0,0,1,0,1,0.218,0.276,0.389,0.665,10,11,R,J.Berríos,58,35,9,12,4,4,0,2,8,0,0,5.25,39,140,102,2,2,0,0,37,2,0,1,0,0,0,2,5,Edwin Moscoso,"Y.Kikuchi (5-63), R.Detmers (5), R.Zeferjahn (4), C.Brogdon (99), B.Burke (3-W)",36,39,37,4,12,2,0,0,4,2,1,8,0,0,0,0,2,0,0,0.241,0.31,0.356,0.666,8,10,L,Y.Kikuchi,63,36,8,9,5,5,0,6,14,2,2,4.39,40,135,84,1,0,0,1,32,1,0,1,0,0,0,1,4,Edwin Moscoso,"J.Berríos (5-58), Y.Rodríguez (2-H), B.Little (2-H), J.Hoffman (0-BL)",dabble,5.5,2.33,2.33,0.0,-1.0,-1.0,0.0,0.04,0.0,0.0,0.0,2.33,2.31,-1.0,-1.0,0.0173205080756887,0.0,2.0,1.0,0.0,0.0,4442.0,2.3273362266622994,-1.0,4.0,pitcherstrikeouts,9.0,over,pitcher
edward cabrera,mlb_mia,401695494,2025-05-10,19:10,mlb_chw,mlb_mia,dabble_dfs_pitcherstrikeouts_value,5.5,pitcherstrikeouts,dabble,69.0,False,False,False,False,False,5.0,5.0,3.0,1.0,1.0,1.0,2.0,1.0,0.0,5.52,4.99,18.0,85.0,55.0,18.0,5.0,4.0,11.0,0.0,1.0,0.0,58.0,0.0,0.0,1.0,0.0,0.0,17.0,1.0,0.0,0.0,1.0,0.0,0.0,0.74,0.117,0.28,0.0,1.4,38.0,5.0,5.0,mlb_chw,mlb_mia,40,32,30,1,4,1,0,1,1,2,0,6,0,0,0,0,1,2,0,0.214,0.291,0.32,0.611,4,11,R,E.Cabrera,58,40,9,7,3,3,0,3,10,1,0,4.15,36,157,102,3,1,3,1,33,1,1,0,0,0,0,0,6,Roberto Ortiz,"S.Smith (4-71), S.Wilson (0-BSv), J.Leasure (0-L), B.Eisert (0), T.Gilbert (2), C.Freeman (0)",38,36,33,3,7,1,1,1,3,3,0,10,0,0,0,0,0,3,1,0.247,0.311,0.38,0.691,6,12,R,S.Smith,71,38,9,4,1,1,0,2,6,1,0,5.73,32,138,89,0,0,2,0,30,1,0,0,0,0,0,1,5,Roberto Ortiz,"E.Cabrera (5-58), L.Bachar (2), C.Faucher (3-W), A.Bender (3-H), J.Tinoco (3-Sv)",dabble,5.5,2.2,2.2,0.0,-1.0,-1.0,0.0,0.0,0.0,0.0,0.0,2.2,2.2,-1.0,-1.0,,,0.0,0.0,0.0,0.0,,2.2,-1.0,1.0,pitcherstrikeouts,2.0,under,pitcher
sandy alcantara,mlb_mia,401695425,2025-05-05,18:40,mlb_mia,mlb_lad,dabble_dfs_pitcherstrikeouts_value,4.5,pitcherstrikeouts,dabble,153.0,False,True,False,False,False,5.0,5.0,6.0,5.0,5.0,1.0,4.0,2.0,0.0,8.42,5.88,22.0,87.0,59.0,12.0,11.0,5.0,12.0,0.0,0.0,0.0,38.0,0.0,0.0,2.0,0.0,0.0,21.0,1.0,0.0,0.0,0.0,0.0,0.0,0.66,-0.205,0.32,0.0,-2.29,34.0,5.0,5.0,mlb_mia,mlb_lad,34,41,38,4,10,1,0,1,4,3,0,10,0,0,0,1,0,1,0,0.249,0.311,0.383,0.694,10,12,L,J.Dreyer,54,34,9,13,7,7,0,1,8,2,0,5.82,40,156,109,0,0,2,0,39,2,1,0,0,0,0,0,3,Laz Diaz,"S.Alcantara (5-38-L), T.Phillips (2), G.Soriano (5)",35,40,39,7,13,2,1,2,7,1,0,8,0,0,0,0,0,2,0,0.258,0.334,0.461,0.795,6,11,R,S.Alcantara,38,35,9,10,4,4,0,3,10,1,0,3.77,41,141,92,3,0,1,0,38,1,0,0,0,0,1,0,7,Laz Diaz,"J.Dreyer (0-54), B.Casparius (7-W), A.Vesia (1), E.Phillips (2), Y.Gómez (4), T.Scott (2-H), K.Yates (1-Sv)",dabble,4.5,2.13,2.14,0.0100000000000002,-1.0,-1.0,0.0,0.0699999999999998,0.0,0.4694835680751241,0.0,2.15,2.13,-1.0,-1.0,0.0132916013582512,0.0,3.0,3.0,0.0,0.0,2235.1666666666665,2.137757929274517,-1.0,7.0,pitcherstrikeouts,4.0,under,pitcher
sandy alcantara,mlb_mia,401695425,2025-05-05,18:40,mlb_mia,mlb_lad,dabble_dfs_pitchingouts_value,15.5,pitchingouts,dabble,153.0,False,True,False,False,False,5.0,5.0,6.0,5.0,5.0,1.0,4.0,2.0,0.0,8.42,5.88,22.0,87.0,59.0,12.0,11.0,5.0,12.0,0.0,0.0,0.0,38.0,0.0,0.0,2.0,0.0,0.0,21.0,1.0,0.0,0.0,0.0,0.0,0.0,0.66,-0.205,0.32,0.0,-2.29,34.0,5.0,5.0,mlb_mia,mlb_lad,34,41,38,4,10,1,0,1,4,3,0,10,0,0,0,1,0,1,0,0.249,0.311,0.383,0.694,10,12,L,J.Dreyer,54,34,9,13,7,7,0,1,8,2,0,5.82,40,156,109,0,0,2,0,39,2,1,0,0,0,0,0,3,Laz Diaz,"S.Alcantara (5-38-L), T.Phillips (2), G.Soriano (5)",35,40,39,7,13,2,1,2,7,1,0,8,0,0,0,0,0,2,0,0.258,0.334,0.461,0.795,6,11,R,S.Alcantara,38,35,9,10,4,4,0,3,10,1,0,3.77,41,141,92,3,0,1,0,38,1,0,0,0,0,1,0,7,Laz Diaz,"J.Dreyer (0-54), B.Casparius (7-W), A.Vesia (1), E.Phillips (2), Y.Gómez (4), T.Scott (2-H), K.Yates (1-Sv)",dabble,15.5,2.08,2.09,0.0099999999999997,1.94,1.92,-0.02,0.0499999999999998,0.04,0.480769230769229,-1.0309278350515427,2.09,2.07,1.94,1.92,0.0116904519445001,0.0081649658092772,2.0,2.0,1.0,3.0,2235.1666666666665,2.081967193195626,1.9359076549210208,7.0,pitchingouts,15,under,pitcher
bowden francis,mlb_tor,401695500,2025-05-10,21:40,mlb_sea,mlb_tor,dabble_dfs_pitcherstrikeouts_value,4.5,pitcherstrikeouts,dabble,56.0,False,False,False,False,False,5.0,6.2,6.0,3.0,3.0,1.0,5.0,1.0,0.0,5.4,6.35,27.0,89.0,59.0,14.0,6.0,7.0,14.0,0.0,2.0,0.0,54.0,0.0,0.0,0.0,0.0,0.0,25.0,1.0,0.0,0.0,0.0,1.0,0.0,0.83,-0.036,0.77,0.0,-0.35,39.0,7.0,3.0,mlb_sea,mlb_tor,38,34,32,3,6,1,0,1,3,1,0,10,0,0,1,0,0,0,0,0.245,0.335,0.409,0.744,4,9,R,B.Francis,54,38,9,10,6,6,0,5,10,1,0,3.87,42,163,102,3,1,2,0,37,1,0,0,0,0,0,0,5,Vic Carapazza,"L.Evans (5-46), G.Speier (2-BSv), M.Brash (3), C.Vargas (3-L), E.Bazardo (2)",39,42,37,6,10,1,0,1,6,5,0,10,0,0,0,0,0,2,0,0.246,0.317,0.362,0.679,9,9,R,L.Evans,46,39,9,6,3,3,0,1,10,1,0,4.31,34,120,82,2,0,0,0,32,1,0,0,0,1,0,0,3,Vic Carapazza,"B.Francis (5-54), M.Fluharty (3-W), J.Hoffman (0-Sv)",dabble,4.5,2.25,2.28,0.0299999999999998,-1.0,-1.0,0.0,0.1099999999999998,0.0,1.3333333333333195,0.0,2.32,2.25,-1.0,-1.0,0.0357770876399965,0.0,1.0,4.0,0.0,0.0,2242.4,2.2867978193884806,-1.0,6.0,pitcherstrikeouts,5.0,over,pitcher
lucas giolito,mlb_bos,401695438,2025-05-06,18:45,mlb_bos,mlb_tex,dabble_dfs_earnedrunsallowed_value,2.5,earnedrunsallowed,dabble,182.0,False,True,False,False,False,5.0,3.2,10.0,6.0,6.0,1.0,2.0,0.0,0.0,8.38,4.87,20.0,74.0,49.0,11.0,4.0,8.0,9.0,0.0,0.0,0.0,18.0,0.0,0.0,0.0,0.0,0.0,18.0,2.0,0.0,0.0,0.0,1.0,0.0,0.98,-0.282,1.05,0.0,-4.37,37.0,4.0,6.0,mlb_bos,mlb_tex,37,33,32,1,6,2,0,0,1,1,0,12,0,0,0,0,0,0,0,0.253,0.329,0.416,0.745,5,9,R,N.Eovaldi,64,37,9,16,6,6,0,2,9,0,0,4.04,43,180,115,2,0,0,0,40,2,0,0,0,1,0,0,3,John Bacon,"L.Giolito (5-18-L), B.Bernardino (2), S.Newcomb (8)",36,43,40,6,16,2,0,0,5,2,0,9,0,0,1,0,0,0,0,0.234,0.289,0.362,0.651,10,10,R,L.Giolito,18,36,9,6,1,1,0,1,12,0,0,3.37,33,124,89,0,0,0,0,32,2,0,0,0,0,0,0,4,John Bacon,"N.Eovaldi (5-64-W), S.Armstrong (4), R.Garcia (2), C.Martin (2)",dabble,2.5,1.92,1.91,-0.01,2.1,2.11,0.0099999999999997,0.03,0.0299999999999993,-0.520833333333337,0.4761904761904745,1.92,1.91,2.11,2.1,0.0115470053837925,0.0115470053837922,1.0,2.0,2.0,1.0,13376.0,1.911516136599752,2.1084838634002483,4.0,earnedrunsallowed,6.0,over,pitcher
lucas giolito,mlb_bos,401695438,2025-05-06,18:45,mlb_bos,mlb_tex,dabble_dfs_pitcherstrikeouts_value,5.5,pitcherstrikeouts,dabble,182.0,False,True,False,False,False,5.0,3.2,10.0,6.0,6.0,1.0,2.0,0.0,0.0,8.38,4.87,20.0,74.0,49.0,11.0,4.0,8.0,9.0,0.0,0.0,0.0,18.0,0.0,0.0,0.0,0.0,0.0,18.0,2.0,0.0,0.0,0.0,1.0,0.0,0.98,-0.282,1.05,0.0,-4.37,37.0,4.0,6.0,mlb_bos,mlb_tex,37,33,32,1,6,2,0,0,1,1,0,12,0,0,0,0,0,0,0,0.253,0.329,0.416,0.745,5,9,R,N.Eovaldi,64,37,9,16,6,6,0,2,9,0,0,4.04,43,180,115,2,0,0,0,40,2,0,0,0,1,0,0,3,John Bacon,"L.Giolito (5-18-L), B.Bernardino (2), S.Newcomb (8)",36,43,40,6,16,2,0,0,5,2,0,9,0,0,1,0,0,0,0,0.234,0.289,0.362,0.651,10,10,R,L.Giolito,18,36,9,6,1,1,0,1,12,0,0,3.37,33,124,89,0,0,0,0,32,2,0,0,0,0,0,0,4,John Bacon,"N.Eovaldi (5-64-W), S.Armstrong (4), R.Garcia (2), C.Martin (2)",dabble,5.5,2.38,2.44,0.06,-1.0,-1.0,0.0,0.2200000000000002,0.0,2.521008403361358,0.0,2.44,2.34,-1.0,-1.0,0.0459813626840888,0.0,3.0,4.0,0.0,0.0,9344.57142857143,2.361019244801167,-1.0,8.0,pitcherstrikeouts,2.0,under,pitcher
chase dollander,mlb_col,401695459,2025-05-07,20:40,mlb_col,mlb_det,dabble_dfs_earnedrunsallowed_value,2.5,earnedrunsallowed,dabble,6.0,False,False,False,False,False,6.0,3.0,5.0,6.0,6.0,3.0,0.0,0.0,1.0,7.71,6.54,18.0,70.0,41.0,8.0,5.0,7.0,7.0,0.0,0.0,0.0,22.0,0.0,0.0,0.0,0.0,0.0,13.0,1.0,0.0,0.0,0.0,1.0,0.0,1.37,-0.457,0.07,0.0,-4.38,35.0,4.0,6.0,mlb_col,mlb_det,35,45,40,6,13,4,0,2,6,5,1,8,0,0,0,0,2,1,1,0.213,0.282,0.35,0.632,10,11,R,J.Jobe,22,35,10,10,8,6,0,5,9,0,1,5.38,45,174,109,4,1,0,1,38,3,0,0,0,1,1,1,5,Vic Carapazza,"C.Dollander (6-22), J.Bird (3), S.Alexander (5), S.Halvorsen (2), Z.Agnos (5-L)",36,45,38,8,10,3,0,0,7,5,0,9,1,0,1,1,1,0,1,0.256,0.333,0.421,0.754,8,10,R,C.Dollander,22,36,10,13,6,6,0,5,8,2,0,3.03,45,180,113,1,0,1,1,40,4,0,1,0,0,0,2,5,Vic Carapazza,"J.Jobe (6-22), B.Hurter (3), B.Hanifee (2), T.Kahnle (5), W.Vest (2-W)",dabble,2.5,1.92,1.92,0.0,2.1,2.1,0.0,0.0,0.0,0.0,0.0,1.92,1.92,2.1,2.1,,,0.0,0.0,0.0,0.0,,1.92,2.1,1.0,earnedrunsallowed,6.0,over,pitcher
chase dollander,mlb_col,401695459,2025-05-07,20:40,mlb_col,mlb_det,dabble_dfs_pitcherstrikeouts_value,5.5,pitcherstrikeouts,dabble,6.0,False,False,False,False,False,6.0,3.0,5.0,6.0,6.0,3.0,0.0,0.0,1.0,7.71,6.54,18.0,70.0,41.0,8.0,5.0,7.0,7.0,0.0,0.0,0.0,22.0,0.0,0.0,0.0,0.0,0.0,13.0,1.0,0.0,0.0,0.0,1.0,0.0,1.37,-0.457,0.07,0.0,-4.38,35.0,4.0,6.0,mlb_col,mlb_det,35,45,40,6,13,4,0,2,6,5,1,8,0,0,0,0,2,1,1,0.213,0.282,0.35,0.632,10,11,R,J.Jobe,22,35,10,10,8,6,0,5,9,0,1,5.38,45,174,109,4,1,0,1,38,3,0,0,0,1,1,1,5,Vic Carapazza,"C.Dollander (6-22), J.Bird (3), S.Alexander (5), S.Halvorsen (2), Z.Agnos (5-L)",36,45,38,8,10,3,0,0,7,5,0,9,1,0,1,1,1,0,1,0.256,0.333,0.421,0.754,8,10,R,C.Dollander,22,36,10,13,6,6,0,5,8,2,0,3.03,45,180,113,1,0,1,1,40,4,0,1,0,0,0,2,5,Vic Carapazza,"J.Jobe (6-22), B.Hurter (3), B.Hanifee (2), T.Kahnle (5), W.Vest (2-W)",dabble,5.5,2.43,2.43,0.0,-1.0,-1.0,0.0,0.0,0.0,0.0,0.0,2.43,2.43,-1.0,-1.0,,,0.0,0.0,0.0,0.0,,2.43,-1.0,1.0,pitcherstrikeouts,0.0,under,pitcher
jack flaherty,mlb_det,401695491,2025-05-10,18:10,mlb_det,mlb_tex,dabble_dfs_hitsallowed_value,4.5,hitsallowed,dabble,167.0,False,True,False,False,False,6.0,3.0,4.0,5.0,5.0,2.0,4.0,4.0,0.0,4.61,4.62,15.0,73.0,41.0,13.0,9.0,1.0,8.0,0.0,0.0,0.0,33.0,0.0,0.0,0.0,0.0,0.0,13.0,0.0,0.0,0.0,0.0,0.0,0.0,0.6,-0.342,0.72,0.0,-3.53,40.0,3.0,7.0,mlb_det,mlb_tex,40,34,31,3,7,0,1,2,3,3,0,13,0,0,0,0,3,0,0,0.258,0.333,0.42,0.753,4,11,R,J.deGrom,58,40,9,10,10,10,0,6,9,5,0,3.08,43,180,106,3,1,1,0,36,1,0,0,0,1,0,0,5,Andy Fletcher,"J.Flaherty (6-33-L), S.Guenther (1), C.Lee (1), T.Holton (7), J.Brebbia (21)",40,43,36,10,10,1,0,5,10,6,0,9,0,0,1,0,0,1,0,0.23,0.289,0.364,0.653,6,11,R,J.Flaherty,33,40,9,7,3,3,0,3,13,2,0,3.47,34,148,98,2,0,0,0,31,0,1,0,0,0,0,3,4,Andy Fletcher,"J.deGrom (5-58-W), H.Milner (2), S.Armstrong (3), L.Jackson (5)",dabble,4.5,1.97,1.97,0.0,2.05,2.05,0.0,0.0,0.0,0.0,0.0,1.97,1.97,2.05,2.05,,,0.0,0.0,0.0,0.0,,1.97,2.05,1.0,hitsallowed,4.0,under,pitcher
jack flaherty,mlb_det,401695491,2025-05-10,18:10,mlb_det,mlb_tex,dabble_dfs_pitcherstrikeouts_value,5.5,pitcherstrikeouts,dabble,167.0,False,True,False,False,False,6.0,3.0,4.0,5.0,5.0,2.0,4.0,4.0,0.0,4.61,4.62,15.0,73.0,41.0,13.0,9.0,1.0,8.0,0.0,0.0,0.0,33.0,0.0,0.0,0.0,0.0,0.0,13.0,0.0,0.0,0.0,0.0,0.0,0.0,0.6,-0.342,0.72,0.0,-3.53,40.0,3.0,7.0,mlb_det,mlb_tex,40,34,31,3,7,0,1,2,3,3,0,13,0,0,0,0,3,0,0,0.258,0.333,0.42,0.753,4,11,R,J.deGrom,58,40,9,10,10,10,0,6,9,5,0,3.08,43,180,106,3,1,1,0,36,1,0,0,0,1,0,0,5,Andy Fletcher,"J.Flaherty (6-33-L), S.Guenther (1), C.Lee (1), T.Holton (7), J.Brebbia (21)",40,43,36,10,10,1,0,5,10,6,0,9,0,0,1,0,0,1,0,0.23,0.289,0.364,0.653,6,11,R,J.Flaherty,33,40,9,7,3,3,0,3,13,2,0,3.47,34,148,98,2,0,0,0,31,0,1,0,0,0,0,3,4,Andy Fletcher,"J.deGrom (5-58-W), H.Milner (2), S.Armstrong (3), L.Jackson (5)",dabble,5.5,1.93,1.93,0.0,2.09,2.09,0.0,0.0,0.0,0.0,0.0,1.93,1.93,2.09,2.09,,,0.0,0.0,0.0,0.0,,1.93,2.09,1.0,pitcherstrikeouts,4.0,under,pitcher
valente bellozo,mlb_mia,401695450,2025-05-07,16:40,mlb_mia,mlb_lad,dabble_dfs_pitcherstrikeouts_value,3.5,pitcherstrikeouts,dabble,17.0,False,False,False,False,False,4.0,5.1,1.0,0.0,0.0,2.0,7.0,0.0,0.0,3.5,4.11,18.0,76.0,44.0,20.0,10.0,1.0,8.0,0.0,4.0,0.0,71.0,0.0,0.0,0.0,1.0,0.0,16.0,0.0,0.0,0.0,0.0,0.0,0.0,0.85,0.324,0.41,0.0,2.96,36.0,6.0,4.0,mlb_mia,mlb_lad,36,34,31,1,5,1,0,0,1,2,0,9,0,0,1,1,1,0,0,0.249,0.311,0.38,0.692,6,10,R,L.Knack,63,36,9,12,10,10,0,6,11,1,0,5.86,43,166,105,1,0,0,1,37,0,2,1,0,0,0,0,5,Brian O'Nora,"V.Bellozo (4-71), C.Gibson (16-L), L.Bachar (0), R.Henriquez (4), T.Phillips (1)",37,43,37,10,12,0,2,1,10,6,1,11,0,0,0,0,0,0,1,0.259,0.336,0.463,0.799,6,12,R,V.Bellozo,71,37,9,5,1,0,0,2,9,0,0,3.68,34,117,80,2,0,0,0,31,1,0,0,0,1,1,1,2,Brian O'Nora,"L.Knack (21-63-W), M.Sauer (7-Sv)",dabble,3.5,2.3,2.23,-0.0699999999999998,-1.0,-1.0,0.0,0.0899999999999994,0.0,-3.0434782608695587,0.0,2.3,2.23,-1.0,-1.0,0.0298607881119479,0.0,1.0,3.0,0.0,0.0,1452.5,2.2882420162805257,-1.0,5.0,pitcherstrikeouts,7.0,over,pitcher
hunter brown,mlb_hou,401695478,2025-05-09,20:10,mlb_hou,mlb_cin,dabble_dfs_earnedrunsallowed_value,1.5,earnedrunsallowed,dabble,77.0,True,False,False,False,False,5.0,5.2,2.0,0.0,0.0,4.0,9.0,0.0,0.0,1.48,1.86,23.0,101.0,59.0,23.0,10.0,5.0,5.0,0.0,2.0,0.0,70.0,0.0,0.0,1.0,0.0,0.0,19.0,0.0,0.0,0.0,0.0,0.0,0.0,0.96,0.308,0.9,0.0,2.66,37.0,6.0,4.0,mlb_hou,mlb_cin,37,36,34,3,13,4,0,0,3,1,0,7,0,1,0,0,0,0,0,0.245,0.315,0.37,0.685,9,10,R,N.Martinez,45,37,9,4,0,0,0,5,15,0,0,3.27,36,148,90,1,0,1,0,31,1,0,0,0,0,0,0,5,Dan Iassogna,"H.Brown (5-70-W), K.Ort (3-H), B.King (2-H), B.Abreu (1-H), J.Hader (1-Sv)",40,36,31,0,4,1,0,0,0,5,0,15,0,0,0,0,0,1,0,0.238,0.32,0.377,0.697,9,9,R,H.Brown,70,40,8,13,3,3,0,1,7,0,0,3.57,36,117,78,0,0,0,0,34,4,0,0,1,0,0,0,2,Dan Iassogna,"N.Martinez (4-45-L), B.Suter (1)",dabble,1.5,1.97,1.93,-0.04,2.04,2.09,0.0499999999999998,0.2000000000000001,0.2300000000000004,-2.0304568527918843,2.450980392156854,1.98,1.91,2.11,2.03,0.0241961679911209,0.0280583806958407,2.0,8.0,8.0,2.0,6728.181818181818,1.930610419697215,2.085740665912397,12.0,earnedrunsallowed,0.0,under,pitcher
hunter brown,mlb_hou,401695478,2025-05-09,20:10,mlb_hou,mlb_cin,dabble_dfs_pitcherstrikeouts_value,7.5,pitcherstrikeouts,dabble,77.0,True,False,False,False,False,5.0,5.2,2.0,0.0,0.0,4.0,9.0,0.0,0.0,1.48,1.86,23.0,101.0,59.0,23.0,10.0,5.0,5.0,0.0,2.0,0.0,70.0,0.0,0.0,1.0,0.0,0.0,19.0,0.0,0.0,0.0,0.0,0.0,0.0,0.96,0.308,0.9,0.0,2.66,37.0,6.0,4.0,mlb_hou,mlb_cin,37,36,34,3,13,4,0,0,3,1,0,7,0,1,0,0,0,0,0,0.245,0.315,0.37,0.685,9,10,R,N.Martinez,45,37,9,4,0,0,0,5,15,0,0,3.27,36,148,90,1,0,1,0,31,1,0,0,0,0,0,0,5,Dan Iassogna,"H.Brown (5-70-W), K.Ort (3-H), B.King (2-H), B.Abreu (1-H), J.Hader (1-Sv)",40,36,31,0,4,1,0,0,0,5,0,15,0,0,0,0,0,1,0,0.238,0.32,0.377,0.697,9,9,R,H.Brown,70,40,8,13,3,3,0,1,7,0,0,3.57,36,117,78,0,0,0,0,34,4,0,0,1,0,0,0,2,Dan Iassogna,"N.Martinez (4-45-L), B.Suter (1)",dabble,7.5,2.07,2.07,0.0,1.95,1.94,-0.01,0.0199999999999995,0.01,0.0,-0.512820512820511,2.07,2.06,1.95,1.94,0.0141421356237306,0.0070710678118654,1.0,1.0,0.0,1.0,547.0,2.0666502866502867,1.9473382473382472,3.0,pitcherstrikeouts,9.0,over,pitcher
tyler anderson,mlb_laa,401695447,2025-05-06,21:38,mlb_laa,mlb_tor,dabble_dfs_earnedrunsallowed_value,2.5,earnedrunsallowed,dabble,212.0,False,False,False,False,False,5.0,6.2,6.0,2.0,2.0,1.0,7.0,1.0,0.0,2.68,4.87,27.0,93.0,66.0,17.0,14.0,9.0,10.0,0.0,3.0,0.0,60.0,0.0,0.0,0.0,0.0,0.0,26.0,2.0,0.0,1.0,0.0,0.0,0.0,1.07,0.169,0.68,0.0,1.1,34.0,7.0,3.0,mlb_laa,mlb_tor,34,36,32,8,9,0,0,3,7,3,0,6,0,1,0,0,0,2,1,0.216,0.271,0.386,0.657,4,10,R,J.Ureña,48,34,9,9,3,3,0,1,11,2,0,5.29,37,136,94,3,0,0,0,36,2,0,1,0,0,0,0,4,David Rackley,"T.Anderson (5-60), R.Johnson (3), H.Neris (36-W), J.Fermin (1)",35,37,36,3,9,2,0,2,3,1,1,11,0,0,0,0,0,0,0,0.238,0.309,0.355,0.664,7,10,L,T.Anderson,60,35,8,9,8,8,0,3,6,3,0,4.37,36,148,98,5,2,2,1,32,0,0,0,1,0,0,0,7,David Rackley,"J.Ureña (7-48), C.Green (2), M.Fluharty (2), D.Tate (1), Y.García (2-BL), J.Hoffman (3), E.Lauer (5)",dabble,2.5,2.1,2.08,-0.02,1.92,1.94,0.02,0.2200000000000002,0.1800000000000001,-0.952380952380949,1.041666666666674,2.12,2.05,1.96,1.9,0.0195555000554213,0.0179130991422233,6.0,7.0,5.0,6.0,4851.642857142857,2.087018111599414,1.9313149553868687,15.0,earnedrunsallowed,2.0,under,pitcher
tyler anderson,mlb_laa,401695447,2025-05-06,21:38,mlb_laa,mlb_tor,dabble_dfs_pitcherstrikeouts_value,3.5,pitcherstrikeouts,dabble,212.0,False,False,False,False,False,5.0,6.2,6.0,2.0,2.0,1.0,7.0,1.0,0.0,2.68,4.87,27.0,93.0,66.0,17.0,14.0,9.0,10.0,0.0,3.0,0.0,60.0,0.0,0.0,0.0,0.0,0.0,26.0,2.0,0.0,1.0,0.0,0.0,0.0,1.07,0.169,0.68,0.0,1.1,34.0,7.0,3.0,mlb_laa,mlb_tor,34,36,32,8,9,0,0,3,7,3,0,6,0,1,0,0,0,2,1,0.216,0.271,0.386,0.657,4,10,R,J.Ureña,48,34,9,9,3,3,0,1,11,2,0,5.29,37,136,94,3,0,0,0,36,2,0,1,0,0,0,0,4,David Rackley,"T.Anderson (5-60), R.Johnson (3), H.Neris (36-W), J.Fermin (1)",35,37,36,3,9,2,0,2,3,1,1,11,0,0,0,0,0,0,0,0.238,0.309,0.355,0.664,7,10,L,T.Anderson,60,35,8,9,8,8,0,3,6,3,0,4.37,36,148,98,5,2,2,1,32,0,0,0,1,0,0,0,7,David Rackley,"J.Ureña (7-48), C.Green (2), M.Fluharty (2), D.Tate (1), Y.García (2-BL), J.Hoffman (3), E.Lauer (5)",dabble,3.5,2.06,2.07,0.0099999999999997,1.96,1.95,-0.01,0.2099999999999999,0.2300000000000002,0.4854368932038833,-0.5102040816326481,2.08,2.02,1.99,1.94,0.0191376592090046,0.0180623918681884,6.0,5.0,7.0,9.0,4245.1875,2.05048901091578,1.9630224313265536,17.0,pitcherstrikeouts,7.0,over,pitcher
tyler anderson,mlb_laa,401695447,2025-05-06,21:38,mlb_laa,mlb_tor,dabble_dfs_pitchingouts_value,17.5,pitchingouts,dabble,212.0,False,False,False,False,False,5.0,6.2,6.0,2.0,2.0,1.0,7.0,1.0,0.0,2.68,4.87,27.0,93.0,66.0,17.0,14.0,9.0,10.0,0.0,3.0,0.0,60.0,0.0,0.0,0.0,0.0,0.0,26.0,2.0,0.0,1.0,0.0,0.0,0.0,1.07,0.169,0.68,0.0,1.1,34.0,7.0,3.0,mlb_laa,mlb_tor,34,36,32,8,9,0,0,3,7,3,0,6,0,1,0,0,0,2,1,0.216,0.271,0.386,0.657,4,10,R,J.Ureña,48,34,9,9,3,3,0,1,11,2,0,5.29,37,136,94,3,0,0,0,36,2,0,1,0,0,0,0,4,David Rackley,"T.Anderson (5-60), R.Johnson (3), H.Neris (36-W), J.Fermin (1)",35,37,36,3,9,2,0,2,3,1,1,11,0,0,0,0,0,0,0,0.238,0.309,0.355,0.664,7,10,L,T.Anderson,60,35,8,9,8,8,0,3,6,3,0,4.37,36,148,98,5,2,2,1,32,0,0,0,1,0,0,0,7,David Rackley,"J.Ureña (7-48), C.Green (2), M.Fluharty (2), D.Tate (1), Y.García (2-BL), J.Hoffman (3), E.Lauer (5)",dabble,17.5,1.91,1.92,0.01,2.11,2.1,-0.0099999999999997,0.03,0.0300000000000002,0.5235602094240788,-0.4739336492890933,1.92,1.9,2.12,2.1,0.0212132034355964,0.0212132034355966,1.0,1.0,1.0,1.0,28759.5,1.9132434343910605,2.1067565656089395,3.0,pitchingouts,20,over,pitcher
logan evans,mlb_sea,401695500,2025-05-10,21:40,mlb_sea,mlb_tor,dabble_dfs_hitsallowed_value,5.5,hitsallowed,dabble,3.0,False,False,False,False,False,5.0,5.0,5.0,3.0,3.0,2.0,3.0,1.0,0.0,6.6,4.78,22.0,86.0,49.0,18.0,2.0,3.0,14.0,0.0,0.0,0.0,46.0,0.0,0.0,0.0,0.0,0.0,20.0,1.0,0.0,0.0,0.0,0.0,0.0,0.91,0.01,1.17,0.0,-0.14,38.0,6.0,4.0,mlb_sea,mlb_tor,38,34,32,3,6,1,0,1,3,1,0,10,0,0,1,0,0,0,0,0.245,0.335,0.409,0.744,4,9,R,B.Francis,54,38,9,10,6,6,0,5,10,1,0,3.87,42,163,102,3,1,2,0,37,1,0,0,0,0,0,0,5,Vic Carapazza,"L.Evans (5-46), G.Speier (2-BSv), M.Brash (3), C.Vargas (3-L), E.Bazardo (2)",39,42,37,6,10,1,0,1,6,5,0,10,0,0,0,0,0,2,0,0.246,0.317,0.362,0.679,9,9,R,L.Evans,46,39,9,6,3,3,0,1,10,1,0,4.31,34,120,82,2,0,0,0,32,1,0,0,0,1,0,0,3,Vic Carapazza,"B.Francis (5-54), M.Fluharty (3-W), J.Hoffman (0-Sv)",dabble,5.5,2.01,1.94,-0.0699999999999998,2.0,2.08,0.08,0.0699999999999998,0.08,-3.482587064676612,4.000000000000004,2.01,1.94,2.08,2.0,0.0221735578260833,0.0216024689946927,0.0,3.0,3.0,0.0,2812.0,1.963866940581542,2.051719342604298,5.0,hitsallowed,5.0,under,pitcher
logan evans,mlb_sea,401695500,2025-05-10,21:40,mlb_sea,mlb_tor,dabble_dfs_pitchingouts_value,15.5,pitchingouts,dabble,3.0,False,False,False,False,False,5.0,5.0,5.0,3.0,3.0,2.0,3.0,1.0,0.0,6.6,4.78,22.0,86.0,49.0,18.0,2.0,3.0,14.0,0.0,0.0,0.0,46.0,0.0,0.0,0.0,0.0,0.0,20.0,1.0,0.0,0.0,0.0,0.0,0.0,0.91,0.01,1.17,0.0,-0.14,38.0,6.0,4.0,mlb_sea,mlb_tor,38,34,32,3,6,1,0,1,3,1,0,10,0,0,1,0,0,0,0,0.245,0.335,0.409,0.744,4,9,R,B.Francis,54,38,9,10,6,6,0,5,10,1,0,3.87,42,163,102,3,1,2,0,37,1,0,0,0,0,0,0,5,Vic Carapazza,"L.Evans (5-46), G.Speier (2-BSv), M.Brash (3), C.Vargas (3-L), E.Bazardo (2)",39,42,37,6,10,1,0,1,6,5,0,10,0,0,0,0,0,2,0,0.246,0.317,0.362,0.679,9,9,R,L.Evans,46,39,9,6,3,3,0,1,10,1,0,4.31,34,120,82,2,0,0,0,32,1,0,0,0,1,0,0,3,Vic Carapazza,"B.Francis (5-54), M.Fluharty (3-W), J.Hoffman (0-Sv)",dabble,15.5,1.95,1.95,0.0,2.06,2.06,0.0,0.0,0.0,0.0,0.0,1.95,1.95,2.06,2.06,,,0.0,0.0,0.0,0.0,,1.95,2.06,1.0,pitchingouts,15,under,pitcher
logan evans,mlb_sea,401695500,2025-05-10,21:40,mlb_sea,mlb_tor,dabble_dfs_walksallowed_value,1.5,walksallowed,dabble,3.0,False,False,False,False,False,5.0,5.0,5.0,3.0,3.0,2.0,3.0,1.0,0.0,6.6,4.78,22.0,86.0,49.0,18.0,2.0,3.0,14.0,0.0,0.0,0.0,46.0,0.0,0.0,0.0,0.0,0.0,20.0,1.0,0.0,0.0,0.0,0.0,0.0,0.91,0.01,1.17,0.0,-0.14,38.0,6.0,4.0,mlb_sea,mlb_tor,38,34,32,3,6,1,0,1,3,1,0,10,0,0,1,0,0,0,0,0.245,0.335,0.409,0.744,4,9,R,B.Francis,54,38,9,10,6,6,0,5,10,1,0,3.87,42,163,102,3,1,2,0,37,1,0,0,0,0,0,0,5,Vic Carapazza,"L.Evans (5-46), G.Speier (2-BSv), M.Brash (3), C.Vargas (3-L), E.Bazardo (2)",39,42,37,6,10,1,0,1,6,5,0,10,0,0,0,0,0,2,0,0.246,0.317,0.362,0.679,9,9,R,L.Evans,46,39,9,6,3,3,0,1,10,1,0,4.31,34,120,82,2,0,0,0,32,1,0,0,0,1,0,0,3,Vic Carapazza,"B.Francis (5-54), M.Fluharty (3-W), J.Hoffman (0-Sv)",dabble,1.5,1.93,2.0,0.07,2.09,2.01,-0.08,0.09,0.1000000000000005,3.62694300518136,-3.8277511961722577,2.0,1.93,2.09,2.01,0.0151657508881031,0.018165902124585,4.0,1.0,1.0,4.0,2158.4,1.973407830084007,2.039003011570772,6.0,walksallowed,2.0,over,pitcher
ronel blanco,mlb_hou,401695428,2025-05-05,19:40,mlb_mil,mlb_hou,dabble_dfs_pitcherstrikeouts_value,5.5,pitcherstrikeouts,dabble,61.0,False,True,False,False,False,6.0,6.0,7.0,3.0,3.0,2.0,6.0,1.0,0.0,4.98,4.92,26.0,98.0,66.0,13.0,13.0,7.0,11.0,0.0,0.0,0.0,50.0,0.0,0.0,0.0,1.0,0.0,24.0,1.0,0.0,0.0,0.0,0.0,0.0,0.73,-0.082,0.71,0.0,0.09,34.0,6.0,4.0,mlb_mil,mlb_hou,36,36,33,5,10,2,0,1,5,3,0,8,0,0,0,0,0,3,1,0.24,0.317,0.359,0.676,7,10,R,R.Blanco,50,36,9,9,1,1,0,0,6,0,0,4.23,36,142,100,3,0,0,0,36,1,0,0,0,0,0,1,5,Jeremie Rehak,"T.Myers (2-54-W), N.Mears (1-H), J.Koenig (0-H), G.Anderson (1-H), J.Payamps (2)",34,36,36,1,9,1,0,0,1,0,0,6,0,0,0,0,1,0,0,0.243,0.312,0.367,0.679,8,9,R,T.Myers,54,34,8,10,5,5,0,3,8,1,0,3.41,36,137,91,0,0,3,1,33,2,0,0,0,0,0,0,3,Jeremie Rehak,"R.Blanco (6-50-L), K.Ort (0), B.Sousa (2)",dabble,5.5,2.43,2.23,-0.2000000000000001,-1.0,-1.0,0.0,0.4400000000000004,5.82,-8.230452674897126,0.0,2.43,2.11,1.91,-1.0,0.1811077027627483,2.371933107544702,2.0,2.0,1.0,2.0,3295.75,2.35441730459307,-0.9765723207091056,5.0,pitcherstrikeouts,6.0,over,pitcher
ronel blanco,mlb_hou,401695428,2025-05-05,19:40,mlb_mil,mlb_hou,dabble_dfs_pitchingouts_value,15.5,pitchingouts,dabble,61.0,False,True,False,False,False,6.0,6.0,7.0,3.0,3.0,2.0,6.0,1.0,0.0,4.98,4.92,26.0,98.0,66.0,13.0,13.0,7.0,11.0,0.0,0.0,0.0,50.0,0.0,0.0,0.0,1.0,0.0,24.0,1.0,0.0,0.0,0.0,0.0,0.0,0.73,-0.082,0.71,0.0,0.09,34.0,6.0,4.0,mlb_mil,mlb_hou,36,36,33,5,10,2,0,1,5,3,0,8,0,0,0,0,0,3,1,0.24,0.317,0.359,0.676,7,10,R,R.Blanco,50,36,9,9,1,1,0,0,6,0,0,4.23,36,142,100,3,0,0,0,36,1,0,0,0,0,0,1,5,Jeremie Rehak,"T.Myers (2-54-W), N.Mears (1-H), J.Koenig (0-H), G.Anderson (1-H), J.Payamps (2)",34,36,36,1,9,1,0,0,1,0,0,6,0,0,0,0,1,0,0,0.243,0.312,0.367,0.679,8,9,R,T.Myers,54,34,8,10,5,5,0,3,8,1,0,3.41,36,137,91,0,0,3,1,33,2,0,0,0,0,0,0,3,Jeremie Rehak,"R.Blanco (6-50-L), K.Ort (0), B.Sousa (2)",dabble,15.5,2.09,1.93,-0.1599999999999999,1.93,2.09,0.1599999999999999,0.2199999999999999,0.2200000000000004,-7.655502392344493,8.290155440414493,2.11,1.92,2.1,1.91,0.0999999999999999,0.1000000000000001,3.0,1.0,1.0,3.0,863.0,1.9776920119196384,2.042307988080361,5.0,pitchingouts,18,over,pitcher
max fried,mlb_nyy,401695452,2025-05-07,19:05,mlb_nyy,mlb_sdp,dabble_dfs_pitcherstrikeouts_value,5.5,pitcherstrikeouts,dabble,176.0,False,False,False,False,False,4.0,7.0,5.0,1.0,1.0,0.0,8.0,1.0,0.0,1.05,2.92,27.0,100.0,67.0,18.0,10.0,8.0,11.0,0.0,1.0,0.0,71.0,0.0,0.0,0.0,0.0,0.0,27.0,0.0,0.0,0.0,0.0,0.0,1.0,0.85,0.238,0.96,0.0,2.46,37.0,7.0,3.0,mlb_nyy,mlb_sdp,37,36,30,4,3,0,0,2,4,3,0,10,0,1,1,0,0,0,0,0.258,0.342,0.465,0.807,4,12,R,D.Cease,75,37,10,6,3,3,0,3,11,1,1,3.59,41,156,98,2,2,1,0,36,0,0,0,0,1,1,0,4,Ramon De Jesus,"M.Fried (4-71), I.Hamilton (3), L.Weaver (1), D.Williams (1-W)",36,41,36,3,6,0,0,1,3,3,0,11,1,0,1,1,0,1,0,0.256,0.324,0.382,0.707,9,12,L,M.Fried,71,36,9,3,4,3,0,3,10,2,0,3.0,36,128,85,0,0,0,0,30,0,0,0,1,1,0,0,4,Ramon De Jesus,"D.Cease (4-75), J.Adam (2), R.Suarez (1), J.Estrada (1-L)",dabble,5.5,2.31,2.19,-0.1200000000000001,-1.0,-1.0,0.0,0.1799999999999997,0.0,-5.1948051948051965,0.0,2.34,2.19,-1.0,-1.0,0.0637704215656964,0.0,1.0,3.0,0.0,0.0,3692.5,2.25319846733342,-1.0,5.0,pitcherstrikeouts,8.0,over,pitcher
max fried,mlb_nyy,401695452,2025-05-07,19:05,mlb_nyy,mlb_sdp,dabble_dfs_pitchingouts_value,18.5,pitchingouts,dabble,176.0,False,False,False,False,False,4.0,7.0,5.0,1.0,1.0,0.0,8.0,1.0,0.0,1.05,2.92,27.0,100.0,67.0,18.0,10.0,8.0,11.0,0.0,1.0,0.0,71.0,0.0,0.0,0.0,0.0,0.0,27.0,0.0,0.0,0.0,0.0,0.0,1.0,0.85,0.238,0.96,0.0,2.46,37.0,7.0,3.0,mlb_nyy,mlb_sdp,37,36,30,4,3,0,0,2,4,3,0,10,0,1,1,0,0,0,0,0.258,0.342,0.465,0.807,4,12,R,D.Cease,75,37,10,6,3,3,0,3,11,1,1,3.59,41,156,98,2,2,1,0,36,0,0,0,0,1,1,0,4,Ramon De Jesus,"M.Fried (4-71), I.Hamilton (3), L.Weaver (1), D.Williams (1-W)",36,41,36,3,6,0,0,1,3,3,0,11,1,0,1,1,0,1,0,0.256,0.324,0.382,0.707,9,12,L,M.Fried,71,36,9,3,4,3,0,3,10,2,0,3.0,36,128,85,0,0,0,0,30,0,0,0,1,1,0,0,4,Ramon De Jesus,"D.Cease (4-75), J.Adam (2), R.Suarez (1), J.Estrada (1-L)",dabble,18.5,2.0,1.96,-0.04,2.01,2.05,0.04,0.06,0.0600000000000005,-2.0000000000000018,1.990049751243772,2.0,1.96,2.05,2.01,0.0163299316185545,0.0163299316185547,1.0,3.0,3.0,1.0,3692.5,1.977986886522981,2.032013113477019,5.0,pitchingouts,21,over,pitcher
max fried,mlb_nyy,401695452,2025-05-07,19:05,mlb_nyy,mlb_sdp,dabble_dfs_walksallowed_value,1.5,walksallowed,dabble,176.0,False,False,False,False,False,4.0,7.0,5.0,1.0,1.0,0.0,8.0,1.0,0.0,1.05,2.92,27.0,100.0,67.0,18.0,10.0,8.0,11.0,0.0,1.0,0.0,71.0,0.0,0.0,0.0,0.0,0.0,27.0,0.0,0.0,0.0,0.0,0.0,1.0,0.85,0.238,0.96,0.0,2.46,37.0,7.0,3.0,mlb_nyy,mlb_sdp,37,36,30,4,3,0,0,2,4,3,0,10,0,1,1,0,0,0,0,0.258,0.342,0.465,0.807,4,12,R,D.Cease,75,37,10,6,3,3,0,3,11,1,1,3.59,41,156,98,2,2,1,0,36,0,0,0,0,1,1,0,4,Ramon De Jesus,"M.Fried (4-71), I.Hamilton (3), L.Weaver (1), D.Williams (1-W)",36,41,36,3,6,0,0,1,3,3,0,11,1,0,1,1,0,1,0,0.256,0.324,0.382,0.707,9,12,L,M.Fried,71,36,9,3,4,3,0,3,10,2,0,3.0,36,128,85,0,0,0,0,30,0,0,0,1,1,0,0,4,Ramon De Jesus,"D.Cease (4-75), J.Adam (2), R.Suarez (1), J.Estrada (1-L)",dabble,1.5,1.93,1.93,0.0,2.09,2.08,-0.0099999999999997,0.02,0.0499999999999998,0.0,-0.4784688995215225,1.94,1.93,2.09,2.07,0.0081649658092772,0.0149999999999999,1.0,1.0,2.0,2.0,796.5,1.932943911217756,2.0797750449910017,5.0,walksallowed,0.0,under,pitcher
matthew boyd,mlb_chc,401695430,2025-05-05,19:40,mlb_chc,mlb_sfg,dabble_dfs_earnedrunsallowed_value,1.5,earnedrunsallowed,dabble,189.0,True,False,False,False,False,4.0,6.0,5.0,2.0,2.0,0.0,7.0,1.0,1.0,2.75,3.77,23.0,94.0,64.0,10.0,14.0,8.0,7.0,0.0,1.0,0.0,61.0,0.0,0.0,1.0,0.0,0.0,22.0,0.0,0.0,0.0,1.0,0.0,0.0,1.03,0.1,1.31,0.0,0.94,36.0,6.0,4.0,mlb_chc,mlb_sfg,36,39,35,9,9,2,0,2,9,3,0,5,0,0,1,3,1,1,0,0.262,0.338,0.456,0.794,6,10,R,L.Roupp,49,36,9,7,2,2,0,0,10,1,1,3.77,34,135,98,0,0,1,0,33,0,0,0,0,0,0,1,3,Roberto Ortiz,"M.Boyd (4-61-W), C.Thielbar (4), G.Hollowell (12)",36,34,33,2,7,0,0,1,2,0,0,10,1,0,0,0,1,1,0,0.231,0.308,0.385,0.693,5,10,L,M.Boyd,61,36,8,9,9,3,0,3,5,2,0,3.44,39,135,91,3,2,1,0,35,2,0,0,0,1,3,1,3,Roberto Ortiz,"L.Roupp (4-49-L), H.Birdsong (2), S.Bivens (0)",dabble,1.5,1.95,1.98,0.03,2.06,2.03,-0.0300000000000002,0.09,0.129999999999999,1.538461538461533,-1.456310679611661,1.99,1.93,2.09,2.02,0.0206587926628279,0.0232609421256195,2.0,2.0,3.0,4.0,1632.625,1.9522803917237317,2.058438995655695,9.0,earnedrunsallowed,2.0,over,pitcher
matthew boyd,mlb_chc,401695430,2025-05-05,19:40,mlb_chc,mlb_sfg,dabble_dfs_pitchingouts_value,17.5,pitchingouts,dabble,189.0,True,False,False,False,False,4.0,6.0,5.0,2.0,2.0,0.0,7.0,1.0,1.0,2.75,3.77,23.0,94.0,64.0,10.0,14.0,8.0,7.0,0.0,1.0,0.0,61.0,0.0,0.0,1.0,0.0,0.0,22.0,0.0,0.0,0.0,1.0,0.0,0.0,1.03,0.1,1.31,0.0,0.94,36.0,6.0,4.0,mlb_chc,mlb_sfg,36,39,35,9,9,2,0,2,9,3,0,5,0,0,1,3,1,1,0,0.262,0.338,0.456,0.794,6,10,R,L.Roupp,49,36,9,7,2,2,0,0,10,1,1,3.77,34,135,98,0,0,1,0,33,0,0,0,0,0,0,1,3,Roberto Ortiz,"M.Boyd (4-61-W), C.Thielbar (4), G.Hollowell (12)",36,34,33,2,7,0,0,1,2,0,0,10,1,0,0,0,1,1,0,0.231,0.308,0.385,0.693,5,10,L,M.Boyd,61,36,8,9,9,3,0,3,5,2,0,3.44,39,135,91,3,2,1,0,35,2,0,0,0,1,3,1,3,Roberto Ortiz,"L.Roupp (4-49-L), H.Birdsong (2), S.Bivens (0)",dabble,17.5,1.97,1.9,-0.07,2.04,2.12,0.08,0.09,0.08,-3.5532994923857864,3.9215686274509887,1.97,1.9,2.12,2.04,0.0160208197875972,0.0196638416050034,1.0,5.0,3.0,0.0,1634.8333333333333,1.9398047443692727,2.075092061317119,7.0,pitchingouts,18,over,pitcher
jack dreyer,mlb_lad,401695425,2025-05-05,18:40,mlb_mia,mlb_lad,dabble_dfs_pitcherstrikeouts_value,1.5,pitcherstrikeouts,dabble,15.0,False,False,False,False,False,0.0,1.1,0.0,0.0,0.0,0.0,0.0,0.0,0.0,3.32,2.37,4.0,10.0,8.0,2.0,2.0,4.0,0.0,0.0,0.0,0.0,54.0,0.0,0.0,0.0,0.0,0.0,4.0,0.0,0.0,0.0,0.0,0.0,0.0,0.75,0.078,0.89,0.0,0.79,35.0,2.0,8.0,mlb_mia,mlb_lad,34,41,38,4,10,1,0,1,4,3,0,10,0,0,0,1,0,1,0,0.249,0.311,0.383,0.694,10,12,L,J.Dreyer,54,34,9,13,7,7,0,1,8,2,0,5.82,40,156,109,0,0,2,0,39,2,1,0,0,0,0,0,3,Laz Diaz,"S.Alcantara (5-38-L), T.Phillips (2), G.Soriano (5)",35,40,39,7,13,2,1,2,7,1,0,8,0,0,0,0,0,2,0,0.258,0.334,0.461,0.795,6,11,R,S.Alcantara,38,35,9,10,4,4,0,3,10,1,0,3.77,41,141,92,3,0,1,0,38,1,0,0,0,0,1,0,7,Laz Diaz,"J.Dreyer (0-54), B.Casparius (7-W), A.Vesia (1), E.Phillips (2), Y.Gómez (4), T.Scott (2-H), K.Yates (1-Sv)",dabble,1.5,2.51,2.51,0.0,-1.0,-1.0,0.0,0.0,0.0,0.0,0.0,2.51,2.51,-1.0,-1.0,,,0.0,0.0,0.0,0.0,,2.51,-1.0,1.0,pitcherstrikeouts,0.0,under,pitcher
bradley blalock,mlb_col,401695496,2025-05-10,20:10,mlb_col,mlb_sdp,dabble_dfs_earnedrunsallowed_value,3.5,earnedrunsallowed,dabble,12.0,False,True,False,False,False,6.0,3.2,13.0,12.0,12.0,2.0,1.0,3.0,0.0,12.94,8.11,26.0,87.0,54.0,12.0,7.0,10.0,13.0,0.0,1.0,0.0,-14.0,0.0,0.0,0.0,0.0,0.0,23.0,2.0,0.0,0.0,0.0,1.0,0.0,0.57,-0.419,0.01,0.0,-9.93,39.0,4.0,6.0,mlb_col,mlb_sdp,39,32,30,0,5,1,0,0,0,2,0,7,0,0,0,0,2,0,0,0.215,0.283,0.351,0.634,5,11,R,S.Kolek,82,39,9,24,21,18,0,5,4,5,0,5.89,56,196,126,0,0,0,0,50,4,1,0,0,1,1,0,5,Marvin Hudson,"B.Blalock (6--14-L), J.Mejia (1), S.Alexander (1), T.Kinley (1), J.Stallings (99)",38,56,50,21,24,4,1,5,20,5,0,4,0,0,1,1,0,0,0,0.269,0.335,0.409,0.744,8,12,R,B.Blalock,-14,38,9,5,0,0,0,2,7,0,0,3.08,32,104,68,0,0,0,0,30,1,0,0,0,0,0,2,1,Marvin Hudson,S.Kolek (5-82-W),dabble,3.5,1.9,1.91,0.01,2.12,2.11,-0.0100000000000002,0.01,0.0100000000000002,0.5263157894736858,-0.4716981132075526,1.91,1.9,2.12,2.11,,,1.0,0.0,0.0,1.0,4557.0,1.9003149100257068,2.119685089974293,2.0,earnedrunsallowed,12.0,over,pitcher
bradley blalock,mlb_col,401695496,2025-05-10,20:10,mlb_col,mlb_sdp,dabble_dfs_pitchingouts_value,13.5,pitchingouts,dabble,12.0,False,True,False,False,False,6.0,3.2,13.0,12.0,12.0,2.0,1.0,3.0,0.0,12.94,8.11,26.0,87.0,54.0,12.0,7.0,10.0,13.0,0.0,1.0,0.0,-14.0,0.0,0.0,0.0,0.0,0.0,23.0,2.0,0.0,0.0,0.0,1.0,0.0,0.57,-0.419,0.01,0.0,-9.93,39.0,4.0,6.0,mlb_col,mlb_sdp,39,32,30,0,5,1,0,0,0,2,0,7,0,0,0,0,2,0,0,0.215,0.283,0.351,0.634,5,11,R,S.Kolek,82,39,9,24,21,18,0,5,4,5,0,5.89,56,196,126,0,0,0,0,50,4,1,0,0,1,1,0,5,Marvin Hudson,"B.Blalock (6--14-L), J.Mejia (1), S.Alexander (1), T.Kinley (1), J.Stallings (99)",38,56,50,21,24,4,1,5,20,5,0,4,0,0,1,1,0,0,0,0.269,0.335,0.409,0.744,8,12,R,B.Blalock,-14,38,9,5,0,0,0,2,7,0,0,3.08,32,104,68,0,0,0,0,30,1,0,0,0,0,0,2,1,Marvin Hudson,S.Kolek (5-82-W),dabble,13.5,1.92,1.91,-0.01,2.1,2.11,0.0099999999999997,0.03,0.0499999999999998,-0.520833333333337,0.4761904761904745,1.92,1.91,2.11,2.09,0.0115470053837925,0.0208166599946613,1.0,2.0,2.0,1.0,2311.0,1.918607958430193,2.0994174757281554,4.0,pitchingouts,11,under,pitcher
bradley blalock,mlb_col,401695496,2025-05-10,20:10,mlb_col,mlb_sdp,dabble_dfs_walksallowed_value,1.5,walksallowed,dabble,12.0,False,True,False,False,False,6.0,3.2,13.0,12.0,12.0,2.0,1.0,3.0,0.0,12.94,8.11,26.0,87.0,54.0,12.0,7.0,10.0,13.0,0.0,1.0,0.0,-14.0,0.0,0.0,0.0,0.0,0.0,23.0,2.0,0.0,0.0,0.0,1.0,0.0,0.57,-0.419,0.01,0.0,-9.93,39.0,4.0,6.0,mlb_col,mlb_sdp,39,32,30,0,5,1,0,0,0,2,0,7,0,0,0,0,2,0,0,0.215,0.283,0.351,0.634,5,11,R,S.Kolek,82,39,9,24,21,18,0,5,4,5,0,5.89,56,196,126,0,0,0,0,50,4,1,0,0,1,1,0,5,Marvin Hudson,"B.Blalock (6--14-L), J.Mejia (1), S.Alexander (1), T.Kinley (1), J.Stallings (99)",38,56,50,21,24,4,1,5,20,5,0,4,0,0,1,1,0,0,0,0.269,0.335,0.409,0.744,8,12,R,B.Blalock,-14,38,9,5,0,0,0,2,7,0,0,3.08,32,104,68,0,0,0,0,30,1,0,0,0,0,0,2,1,Marvin Hudson,S.Kolek (5-82-W),dabble,1.5,1.92,2.0,0.08,2.09,2.01,-0.08,0.1,0.1000000000000005,4.166666666666674,-3.8277511961722577,2.0,1.92,2.09,2.01,0.0219089023002066,0.0219089023002066,4.0,1.0,1.0,4.0,475.2,1.9794593586875464,2.030540641312453,6.0,walksallowed,2.0,over,pitcher
jacob degrom,mlb_tex,401695491,2025-05-10,18:10,mlb_det,mlb_tex,dabble_dfs_earnedrunsallowed_value,1.5,earnedrunsallowed,dabble,226.0,True,False,False,False,False,5.0,5.0,5.0,2.0,2.0,1.0,10.0,2.0,0.0,2.72,3.85,20.0,90.0,58.0,13.0,18.0,3.0,6.0,0.0,0.0,0.0,58.0,0.0,0.0,0.0,0.0,0.0,19.0,0.0,0.0,0.0,1.0,0.0,0.0,0.69,0.025,0.54,0.0,0.06,40.0,6.0,4.0,mlb_det,mlb_tex,40,34,31,3,7,0,1,2,3,3,0,13,0,0,0,0,3,0,0,0.258,0.333,0.42,0.753,4,11,R,J.deGrom,58,40,9,10,10,10,0,6,9,5,0,3.08,43,180,106,3,1,1,0,36,1,0,0,0,1,0,0,5,Andy Fletcher,"J.Flaherty (6-33-L), S.Guenther (1), C.Lee (1), T.Holton (7), J.Brebbia (21)",40,43,36,10,10,1,0,5,10,6,0,9,0,0,1,0,0,1,0,0.23,0.289,0.364,0.653,6,11,R,J.Flaherty,33,40,9,7,3,3,0,3,13,2,0,3.47,34,148,98,2,0,0,0,31,0,1,0,0,0,0,3,4,Andy Fletcher,"J.deGrom (5-58-W), H.Milner (2), S.Armstrong (3), L.Jackson (5)",dabble,1.5,1.95,1.95,0.0,2.07,2.07,0.0,0.0,0.0,0.0,0.0,1.95,1.95,2.07,2.07,,,0.0,0.0,0.0,0.0,,1.95,2.07,1.0,earnedrunsallowed,2.0,over,pitcher
jacob degrom,mlb_tex,401695491,2025-05-10,18:10,mlb_det,mlb_tex,dabble_dfs_pitcherstrikeouts_value,6.5,pitcherstrikeouts,dabble,226.0,True,False,False,False,False,5.0,5.0,5.0,2.0,2.0,1.0,10.0,2.0,0.0,2.72,3.85,20.0,90.0,58.0,13.0,18.0,3.0,6.0,0.0,0.0,0.0,58.0,0.0,0.0,0.0,0.0,0.0,19.0,0.0,0.0,0.0,1.0,0.0,0.0,0.69,0.025,0.54,0.0,0.06,40.0,6.0,4.0,mlb_det,mlb_tex,40,34,31,3,7,0,1,2,3,3,0,13,0,0,0,0,3,0,0,0.258,0.333,0.42,0.753,4,11,R,J.deGrom,58,40,9,10,10,10,0,6,9,5,0,3.08,43,180,106,3,1,1,0,36,1,0,0,0,1,0,0,5,Andy Fletcher,"J.Flaherty (6-33-L), S.Guenther (1), C.Lee (1), T.Holton (7), J.Brebbia (21)",40,43,36,10,10,1,0,5,10,6,0,9,0,0,1,0,0,1,0,0.23,0.289,0.364,0.653,6,11,R,J.Flaherty,33,40,9,7,3,3,0,3,13,2,0,3.47,34,148,98,2,0,0,0,31,0,1,0,0,0,0,3,4,Andy Fletcher,"J.deGrom (5-58-W), H.Milner (2), S.Armstrong (3), L.Jackson (5)",dabble,6.5,2.13,2.13,0.0,-1.0,-1.0,0.0,0.0,0.0,0.0,0.0,2.13,2.13,-1.0,-1.0,,,0.0,0.0,0.0,0.0,,2.13,-1.0,1.0,pitcherstrikeouts,10.0,over,pitcher
garrett crochet,mlb_bos,401695492,2025-05-10,19:10,mlb_kcr,mlb_bos,dabble_dfs_pitcherstrikeouts_value,6.5,pitcherstrikeouts,dabble,113.0,True,False,False,False,False,5.0,7.0,7.0,1.0,1.0,1.0,9.0,0.0,0.0,1.93,2.61,29.0,106.0,75.0,16.0,18.0,10.0,9.0,0.0,1.0,0.0,67.0,0.0,0.0,1.0,1.0,0.0,28.0,1.0,0.0,0.0,0.0,0.0,1.0,0.96,0.213,0.98,0.0,2.52,41.0,7.0,3.0,mlb_kcr,mlb_bos,41,37,36,1,9,1,0,0,1,1,0,11,0,0,0,1,0,1,1,0.244,0.303,0.364,0.667,9,10,L,G.Crochet,67,41,9,15,10,10,0,4,12,2,0,2.99,45,185,124,0,0,0,1,41,2,1,0,0,0,0,0,4,Ron Kulpa,"C.Ragans (4-43-L), T.Clarke (3), A.Zerpa (3), C.Stratton (1)",41,45,41,10,15,2,1,2,10,4,0,12,0,0,0,0,0,0,1,0.254,0.327,0.418,0.745,8,9,L,C.Ragans,43,41,9,9,1,1,0,1,11,0,0,3.72,37,132,93,0,0,1,1,36,1,0,0,0,0,1,0,3,Ron Kulpa,"G.Crochet (5-67-W), L.Hendriks (1), B.Bernardino (0)",dabble,6.5,2.33,2.33,0.0,-1.0,-1.0,0.0,0.0,0.0,0.0,0.0,2.33,2.33,-1.0,-1.0,,,0.0,0.0,0.0,0.0,,2.33,-1.0,1.0,pitcherstrikeouts,9.0,over,pitcher
